OASISID,Subject_accession,AgeatEntry,AgeatDeath,GENDER,EDUC,SES,racecode,race,ETHNIC,AIAN,NHPI,ASIAN,AA,WHITE,daddem,momdem,HAND,APOE
OAS30001,,65.1945,,2,12,4,5,White,0,0,0,0,0,1,5,1,R,23
OAS30002,,67.2521,76.9397,1,18,2,5,White,0,0,0,0,0,1,0,1,R,34
OAS30003,,58.8137,,2,18,1,5,White,0,0,0,0,0,1,0,0,R,33
OAS30004,,55.1342,,2,17,1,5,White,0,0,0,0,0,1,1,1,L,23
OAS30005,,48.063,,2,16,3,2,ASIAN,,0,0,1,0,0,0,0,R,33
OAS30006,,62.1288,,1,16,2,5,White,0,0,0,0,0,1,0,0,R,33
OAS30007,,71.5863,,1,18,1,5,White,0,0,0,0,0,1,0,0,R,24
OAS30008,,52.3425,,2,12,3,5,White,0,0,0,0,0,1,0,1,R,33
OAS30009,,48.8658,,2,12,4,5,White,0,0,0,0,0,1,0,0,R,34
OAS30010,,68.4438,,2,18,2,4,Black,0,0,0,0,1,0,5,0,R,33
OAS30011,,78.5151,84.263,2,12,4,4,Black,0,0,0,0,1,0,,0,R,33
OAS30012,,87.2027,,1,14,2,5,White,0,,,,,1,0,0,L,33
OAS30013,,71.0658,,1,20,1,5,White,0,0,0,0,0,1,1,0,R,33
OAS30014,,70.3945,,2,18,2,4,Black,0,0,0,0,1,0,0,1,R,44
OAS30015,,65.3096,,1,18,1,5,White,0,0,0,0,0,1,5,1,R,33
OAS30016,,77.0192,,1,15,,5,White,,,,,,1,,,R,33
OAS30017,,53.5534,,2,16,2,5,White,0,0,0,0,0,1,0,0,R,33
OAS30018,,71.0685,,1,16,2,5,White,0,0,0,0,0,1,0,0,R,34
OAS30019,,74.4301,82.2849,2,20,1,5,White,0,0,0,0,0,1,1,1,R,23
OAS30020,,51.8274,,2,14,3,5,White,0,,,,,1,0,1,R,44
OAS30021,,69.8384,,1,16,1,5,White,0,0,0,0,0,1,1,1,R,34
OAS30022,,74.3753,92.0548,1,18,2,4,Black,0,,,,1,,0,0,R,34
OAS30024,,76.6959,,2,20,1,2,ASIAN,0,0,0,1,0,0,0,5,R,34
OAS30025,,64.8575,,2,14,2,4,Black,0,0,0,0,1,0,0,0,R,33
OAS30026,,80.4329,84.2356,1,16,1,5,White,0,0,0,0,0,1,5,0,R,33
OAS30027,,69.2082,83.9616,1,12,4,5,White,0,0,0,0,0,1,1,0,L,34
OAS30028,,68.0521,,1,18,1,5,White,0,0,0,0,0,1,0,0,R,34
OAS30029,,72.4192,78.1507,1,15,1,5,White,0,0,0,0,0,1,0,0,R,34
OAS30030,,66.5096,,1,16,2,5,White,0,0,0,0,0,1,0,1,R,33
OAS30031,,80.1836,,2,12,2,5,White,0,,,,,1,0,0,R,33
OAS30032,,50.1808,,2,14,3,5,White,0,0,0,0,0,1,1,0,R,23
OAS30033,,79.4384,89.2548,2,13,3,4,Black,0,0,0,0,1,0,0,0,R,33
OAS30034,,65.0877,,2,16,1,5,White,0,0,0,0,0,1,1,0,R,34
OAS30035,,75.9562,94.2192,2,12,3,5,White,,,,,,1,0,0,R,33
OAS30036,,66.2959,,2,20,2,5,White,0,0,0,0,0,1,5,1,R,23
OAS30037,,58.8329,,2,14,2,5,White,0,0,0,0,0,1,1,1,R,23
OAS30038,,57.5507,,2,18,2,5,White,0,0,0,0,0,1,1,1,R,34
OAS30039,,73.2712,,2,18,1,5,White,0,0,0,0,0,1,1,1,R,34
OAS30040,,67.589,85.7452,2,16,1,5,White,,,,,,1,0,1,R,33
OAS30041,,65.1671,86.5918,2,16,2,5,White,,,,,,1,0,0,R,33
OAS30042,,68.6959,,2,18,1,5,White,0,0,0,0,0,1,1,0,R,44
OAS30043,,86.0301,,1,12,3,5,White,0,0,0,0,0,1,0,0,R,33
OAS30044,,62.9699,,2,12,3,4,Black,0,0,0,0,1,0,0,0,R,33
OAS30046,,80.3699,,1,19,1,5,White,0,0,0,0,0,1,0,0,R,33
OAS30048,,60.1616,,2,18,1,5,White,,0,0,0,0,1,1,0,R,33
OAS30049,,73.326,,1,14,3,5,White,0,0,0,0,0,1,5,0,L,33
OAS30050,,69.9315,,2,16,1,4,Black,0,0,0,0,1,0,0,0,R,33
OAS30051,,66.3753,,2,13,4,5,White,0,0,0,0,0,1,0,,R,23
OAS30052,,59.063,,2,18,2,5,White,0,0,0,0,0,1,0,5,R,23
OAS30053,,62.8356,,1,19,2,5,White,0,0,0,0,0,1,0,0,R,34
OAS30055,,72.5836,,1,16,2,4,Black,0,0,0,0,1,0,0,0,R,34
OAS30056,,50,,2,14,3,5,White,,,,,,1,,,R,22
OAS30057,,81.3836,,1,14,3,5,White,0,0,0,0,0,1,0,1,R,33
OAS30058,,66.6082,,2,18,2,5,White,0,0,0,0,0,1,0,1,R,33
OAS30059,,48.8164,,2,19,1,5,White,0,,,,,1,0,1,B,33
OAS30060,,80.589,,2,15,2,5,White,0,0,0,0,0,1,0,0,R,23
OAS30061,,77.5205,83.263,1,16,1,5,White,0,0,0,0,0,1,0,0,R,33
OAS30062,,51.4027,,2,12,4,5,White,0,0,0,0,0,1,0,1,R,44
OAS30063,,70.2959,70.9041,2,14,3,4,Black,,,,,1,,0,0,R,34
OAS30064,,76.2274,82.2027,1,12,4,5,White,0,,,,,1,1,0,R,34
OAS30065,,70.2137,,1,18,2,5,White,0,0,0,0,0,1,1,5,R,23
OAS30066,,74.0658,82.611,2,15,1,5,White,0,0,0,0,0,1,5,1,R,23
OAS30067,,56.8247,,1,16,3,5,White,0,0,0,0,0,1,0,0,R,33
OAS30068,,72.8055,,1,14,2,5,White,0,0,0,0,0,1,0,0,R,33
OAS30070,,72.1041,,1,18,2,5,White,0,0,0,0,0,1,0,1,L,34
OAS30071,,72.5096,,1,16,2,5,White,0,0,0,0,0,1,0,0,R,23
OAS30072,,74.0466,84.211,1,20,1,5,White,0,0,0,0,0,1,0,1,R,24
OAS30073,,61.2438,,1,19,2,5,White,0,0,0,0,0,1,0,5,R,33
OAS30074,,71.5096,,2,15,2,5,White,0,0,0,0,0,1,0,1,R,33
OAS30075,,80.5589,,2,16,1,5,White,0,0,0,0,0,1,0,5,R,24
OAS30076,,71.989,,2,12,3,5,White,0,0,0,0,0,1,0,1,R,34
OAS30077,,74.0082,,2,18,2,5,White,0,0,0,0,0,1,0,0,L,23
OAS30078,,71.8904,83.0877,2,15,2,5,White,,,,,,1,,1,R,44
OAS30079,,45.9041,,2,18,1,5,White,,,,,,1,0,0,L,33
OAS30080,,62.8932,,2,20,1,5,White,0,0,0,0,0,1,1,1,R,24
OAS30082,,56.4082,,2,16,1,5,White,0,,,,,1,0,0,R,33
OAS30083,,58.6959,,2,13,2,5,White,0,0,0,0,0,1,5,0,R,24
OAS30084,,75.8877,80.8932,1,20,1,5,White,0,0,0,0,0,1,0,0,R,33
OAS30085,,66.4932,73.8521,1,20,1,5,White,0,0,0,0,0,1,1,0,L,34
OAS30086,,68.3918,,2,16,1,5,White,0,0,0,0,0,1,0,0,R,34
OAS30087,,79.0219,87.1452,1,8,5,5,White,0,0,0,0,0,1,0,0,R,34
OAS30088,,76.0192,85.6329,1,14,2,5,White,0,0,0,0,0,1,0,0,R,33
OAS30089,,78.3781,,1,12,3,5,White,0,0,0,0,0,1,0,5,R,23
OAS30090,,52.7616,,1,16,2,5,White,0,0,0,0,0,1,1,1,R,33
OAS30091,,84.1836,,2,12,4,4,Black,0,0,0,0,1,0,,0,R,33
OAS30092,,58.3123,,2,16,2,4,Black,0,0,0,0,1,0,1,1,R,33
OAS30093,,59.6137,,2,16,2,5,White,0,0,0,0,0,1,1,0,R,33
OAS30094,,69.7808,80.8219,2,11,4,5,White,0,,,,,1,0,1,R,34
OAS30095,,81.4795,,2,16,2,4,Black,0,0,0,0,1,0,0,0,R,34
OAS30096,,67.4493,,2,16,1,5,White,0,0,0,0,0,1,0,1,L,23
OAS30097,,74.3479,85.3562,2,15,3,4,Black,0,0,0,0,1,0,0,0,R,33
OAS30098,,65.2274,70.1151,2,16,1,5,White,0,0,0,0,0,1,5,1,R,34
OAS30099,,66.1315,,1,18,2,5,White,0,0,0,0,0,1,1,0,R,33
OAS30100,,68.4411,74.8356,1,15,4,5,White,0,0,0,0,0,1,1,1,R,44
OAS30101,,74.6164,,2,12,4,5,White,0,0,0,0,0,1,0,1,R,33
OAS30102,,65.0658,,2,12,3,4,Black,0,0,0,0,1,0,,1,R,33
OAS30103,,56.5425,,2,13,2,5,White,,0,0,0,0,1,1,1,R,34
OAS30104,,67.8055,,2,12,3,5,White,0,0,0,0,0,1,0,0,L,33
OAS30105,,69.6247,,2,18,2,4,Black,0,0,0,0,1,0,0,1,R,33
OAS30106,,60.4027,82.8356,2,18,2,5,White,0,0,0,0,0,1,1,0,R,44
OAS30107,,67.1096,,2,12,3,5,White,0,0,0,0,0,1,0,1,R,34
OAS30108,,64.8493,,2,12,3,5,White,0,0,0,0,0,1,0,1,R,34
OAS30109,,72.3233,,2,13,2,5,White,0,0,0,0,0,1,0,0,R,34
OAS30110,,66.474,67.6685,2,14,3,5,White,,,,,,1,0,0,R,34
OAS30111,,59.7205,,2,18,2,5,White,0,0,0,0,0,1,0,0,R,23
OAS30112,,53.5151,,1,20,1,5,White,0,0,0,0,0,1,0,1,R,33
OAS30113,,53.1836,,1,18,1,5,White,0,0,0,0,0,1,5,1,R,34
OAS30114,,68.7699,73.5699,2,16,1,5,White,0,0,0,0,0,1,0,5,R,34
OAS30115,,68.6027,,2,18,2,4,Black,0,0,0,0,1,0,0,0,R,23
OAS30116,,61.4329,,2,18,2,5,White,0,0,0,0,0,1,0,0,L,23
OAS30117,,67.3096,,1,13,1,5,White,0,0,0,0,0,1,0,1,R,34
OAS30118,,82.926,90.1644,1,18,2,5,White,0,0,0,0,0,1,0,0,R,23
OAS30119,,66.4219,78.663,1,15,2,5,White,0,,,,,1,1,1,R,33
OAS30120,,83.6904,93.4329,2,9,4,5,White,,,,,,1,0,0,R,34
OAS30121,,69.3863,,2,16,3,4,Black,0,,,,1,,0,0,R,33
OAS30122,,73.4137,,1,16,3,5,White,0,0,0,0,0,1,5,1,R,34
OAS30123,,73.8055,,1,13,2,5,White,0,0,0,0,0,1,5,0,L,23
OAS30124,,79.2,,2,12,4,5,White,,,,,,1,0,0,R,34
OAS30125,,69.6301,,2,13,3,4,Black,,0,0,0,1,0,1,0,R,34
OAS30126,,56.5342,,2,18,3,5,White,0,0,0,0,0,1,1,1,R,33
OAS30127,,65.5397,,1,20,1,5,White,0,0,0,0,0,1,0,0,R,33
OAS30128,,78.9644,,1,18,1,5,White,0,0,0,0,0,1,0,1,R,33
OAS30129,,71.5288,,1,20,1,5,White,0,0,0,0,0,1,5,0,R,34
OAS30130,,64.1151,,2,12,4,5,White,,,,,,1,,,R,23
OAS30131,,49.537,,1,18,1,5,White,,,,,,1,0,0,R,23
OAS30132,,67.4932,,1,15,3,5,White,0,0,0,0,0,1,0,1,R,22
OAS30133,,77.5151,,1,18,1,5,White,0,0,0,0,0,1,0,0,R,34
OAS30134,,70.7288,,1,18,2,5,White,0,0,0,0,0,1,0,5,R,34
OAS30135,,71.1808,84.8411,2,13,2,5,White,0,0,0,0,0,1,0,0,R,33
OAS30136,,75.863,,2,18,2,4,Black,0,0,0,0,1,0,0,0,R,33
OAS30137,,59.7041,,2,12,4,5,White,0,0,0,0,0,1,0,1,R,33
OAS30138,,78.4493,,1,16,2,5,White,0,0,0,0,0,1,0,0,R,34
OAS30139,,80.3808,,1,12,3,4,Black,0,0,0,0,1,0,,0,R,33
OAS30140,,71.5397,,2,15,2,5,White,0,0,0,0,0,1,0,1,R,33
OAS30141,,65.0986,,1,16,1,5,White,0,0,0,0,0,1,0,1,R,34
OAS30142,,66.537,,1,14,2,5,White,0,0,0,0,0,1,0,0,R,33
OAS30143,,58.9699,,2,14,2,5,White,,,,,,1,0,1,R,34
OAS30144,,84.874,93.4685,1,6,4,5,White,0,,,,,1,0,1,R,34
OAS30145,,68.7616,82.8247,1,16,2,5,White,,,,,,1,1,1,R,33
OAS30146,,68.4932,,2,12,4,5,White,0,0,0,0,0,1,1,0,R,33
OAS30147,,69.337,,1,12,4,4,Black,0,0,0,0,1,0,,0,R,34
OAS30149,,76.8959,,1,17,2,5,White,0,0,0,0,0,1,0,1,R,24
OAS30150,,70.0932,,2,18,1,5,White,0,0,0,0,0,1,1,1,R,#N/A
OAS30151,,72.0411,,2,16,2,5,White,0,0,0,0,0,1,0,1,R,34
OAS30152,,69.0658,,2,14,2,5,White,0,0,0,0,0,1,1,0,R,33
OAS30153,,86.4685,98.5918,1,12,3,5,White,,,,,,1,0,1,R,24
OAS30154,,65.2329,,2,12,3,5,White,0,0,0,0,0,1,0,0,R,33
OAS30155,,69.5479,,2,16,2,5,White,0,0,0,0,0,1,1,1,R,34
OAS30156,,49.411,62.463,2,14,3,5,White,0,0,0,0,0,1,0,1,R,44
OAS30157,,65.8493,79.4932,2,18,2,4,Black,0,0,0,0,1,0,1,0,R,34
OAS30158,,72.7178,,2,16,2,5,White,,,,,,1,0,0,R,34
OAS30159,,78.5479,,1,19,1,5,White,0,0,0,0,0,1,0,5,,34
OAS30160,,70.7781,,2,16,1,5,White,0,0,0,0,0,1,1,0,R,34
OAS30161,,57.9068,,2,20,1,5,White,0,0,0,0,0,1,1,1,R,34
OAS30163,,70.1699,,2,13,2,4,Black,,,,,1,,0,0,R,34
OAS30164,,66.5151,,1,16,2,5,White,0,0,0,0,0,1,0,1,R,33
OAS30165,,62.8411,72.1918,2,14,2,5,White,0,0,0,0,0,1,0,1,R,44
OAS30167,,72.1342,,1,16,2,4,Black,0,0,0,0,1,0,1,,R,44
OAS30168,,61.3808,,2,16,1,5,White,0,,,,,1,0,1,R,33
OAS30169,,60.8027,,2,16,2,5,White,,,,,,1,0,1,R,24
OAS30170,,95.6329,99.6384,2,16,2,5,White,0,0,0,0,0,1,0,0,B,23
OAS30171,,73.8877,83.0082,1,16,2,5,White,0,0,0,0,0,1,1,1,R,33
OAS30172,,61.5452,,1,16,,5,White,,,,,,1,,,R,23
OAS30173,,68.2986,,2,10,5,4,Black,0,0,0,0,1,0,0,1,R,34
OAS30174,,67.1699,,1,12,4,5,White,0,0,0,0,0,1,1,0,R,33
OAS30175,,72.8904,,2,14,2,5,White,0,0,0,0,0,1,0,1,L,34
OAS30176,,66.9178,,1,10,3,5,White,0,0,0,0,0,1,1,0,R,33
OAS30178,,62.4849,,2,20,2,5,White,0,0,0,0,0,1,0,0,R,33
OAS30179,,77.9096,,2,12,3,4,Black,0,0,0,0,1,0,0,5,R,34
OAS30180,,78.8192,89.5041,2,18,1,5,White,0,0,0,0,0,1,0,0,R,33
OAS30181,,66.3397,,2,14,2,5,White,0,0,0,0,0,1,1,0,L,33
OAS30182,,56.6192,,1,16,2,5,White,0,0,0,0,0,1,0,0,R,33
OAS30183,,70.6356,,2,12,4,4,Black,,,,,1,,0,0,R,33
OAS30184,,73.126,,2,12,4,5,White,0,0,0,0,0,1,0,1,R,33
OAS30185,,63.789,,2,13,4,5,White,0,0,0,0,0,1,0,0,R,33
OAS30187,,69.5342,,1,20,1,5,White,0,0,0,0,0,1,1,1,R,22
OAS30188,,45.2438,,2,22,2,5,White,0,0,0,0,0,1,0,1,R,44
OAS30189,,68.1178,,2,12,4,4,Black,0,0,0,0,1,0,5,0,R,23
OAS30190,,88.9781,92.7973,2,16,3,5,White,0,0,0,0,0,1,0,1,R,34
OAS30191,,61.6795,,2,18,2,4,Black,0,0,0,0,1,0,0,0,R,44
OAS30192,,46.1041,,1,20,1,5,White,0,0,0,0,0,1,0,1,R,33
OAS30193,,74.4795,,1,18,2,2,ASIAN,0,0,0,1,0,0,0,0,R,23
OAS30194,,60.7178,90.2685,1,20,2,5,White,0,,,,,1,0,1,R,34
OAS30195,,66.6301,,1,16,2,5,White,0,0,0,0,0,1,0,5,R,23
OAS30197,,76.8658,,2,16,2,5,White,0,0,0,0,0,1,0,1,R,33
OAS30198,,88.7342,92.4521,1,16,3,5,White,0,0,0,0,0,1,0,0,R,33
OAS30199,,91.1589,,2,12,3,4,Black,0,0,0,0,1,0,,0,R,33
OAS30200,,53.4575,57.1342,1,16,3,5,White,,,,,,1,1,0,R,34
OAS30201,,70,,1,16,2,5,White,0,0,0,0,0,1,0,5,R,33
OAS30202,,65.8904,,1,12,3,4,Black,0,0,0,0,1,0,0,0,R,33
OAS30203,,58.4521,,1,14,2,5,White,0,,,,,1,1,0,R,34
OAS30204,,69.1397,,1,20,1,2,ASIAN,0,0,0,1,0,0,0,0,R,34
OAS30205,,78.1315,,2,16,2,5,White,0,0,0,0,0,1,0,1,R,34
OAS30206,,79.1342,,1,16,1,5,White,0,0,0,0,0,1,0,1,R,33
OAS30207,,72.2603,,1,19,1,5,White,0,0,0,0,0,1,1,0,R,23
OAS30208,,75.5205,,2,18,1,5,White,0,0,0,0,0,1,5,0,R,33
OAS30209,,73.6055,87.5315,1,13,3,5,White,0,0,0,0,0,1,0,1,R,34
OAS30210,,83.5808,,2,18,1,5,White,0,0,0,0,0,1,0,1,,33
OAS30211,,45.9479,,1,18,2,5,White,0,0,0,0,0,1,1,0,R,33
OAS30212,,79.6932,,2,10,5,5,White,0,0,0,0,0,1,0,1,R,33
OAS30213,,46.0438,,2,16,2,5,White,0,0,0,0,0,1,0,1,R,34
OAS30214,,67.1753,85.4082,1,12,2,5,White,,,,,,1,1,0,R,44
OAS30215,,70.6712,,1,18,,5,White,,,,,,1,,,R,33
OAS30216,,56.3918,,2,16,3,5,White,,0,0,0,0,1,1,1,R,33
OAS30217,,78.5205,80.0411,1,20,1,5,White,0,0,0,0,0,1,0,0,R,34
OAS30218,,77.389,,1,16,3,5,White,0,0,0,0,0,1,0,0,R,24
OAS30219,,58.8904,,2,16,2,5,White,0,0,0,0,0,1,0,0,R,44
OAS30220,,64.1041,,1,18,1,5,White,0,0,0,0,0,1,0,5,R,33
OAS30221,,59.8904,,2,14,3,5,White,0,0,0,0,0,1,0,1,L,33
OAS30222,,51.5151,,1,16,1,5,White,0,,,,,1,1,0,R,33
OAS30223,,80.7918,,2,13,3,5,White,0,0,0,0,0,1,0,0,R,23
OAS30224,,82.4685,88.5671,1,18,1,5,White,0,0,0,0,0,1,0,0,R,34
OAS30225,,78.2849,,2,8,4,5,White,0,0,0,0,0,1,0,0,R,34
OAS30226,,79.1452,85.6247,1,16,1,5,White,0,0,0,0,0,1,0,1,R,33
OAS30227,,58.5589,,2,18,1,5,White,0,0,0,0,0,1,1,0,R,33
OAS30228,,63.8219,,1,16,2,5,White,0,0,0,0,0,1,0,0,R,33
OAS30229,,72.4301,,1,19,2,6,more than one,0,1,0,0,1,1,1,0,R,33
OAS30230,,46.2877,,2,12,2,5,White,,,,,,1,,,R,22
OAS30231,,45.5178,,2,18,2,5,White,0,0,0,0,0,1,0,0,R,33
OAS30232,,65.7151,,2,15,2,5,White,0,0,0,0,0,1,0,1,R,34
OAS30233,,55.674,,2,12,4,5,White,,,,,,1,0,1,R,33
OAS30234,,79.6959,88.7479,2,13,2,5,White,,,,,,1,0,0,R,33
OAS30235,,57.4603,,1,15,2,5,White,0,0,0,0,0,1,5,1,,24
OAS30236,,69.7041,,1,12,3,5,White,0,0,0,0,0,1,1,0,R,34
OAS30237,,75.3096,91.937,1,16,1,5,White,,,,,,1,0,0,R,23
OAS30238,,75.9589,82.1726,1,17,1,5,White,0,0,0,0,0,1,,0,R,33
OAS30239,,79.6712,84.8356,1,14,2,5,White,0,0,0,0,0,1,0,1,R,34
OAS30240,,62.9507,,2,15,2,5,White,0,0,0,0,0,1,0,1,R,23
OAS30241,,47.6384,,2,15,3,5,White,0,,,,,1,0,1,R,33
OAS30242,,64.7534,,2,15,3,5,White,0,0,0,0,0,1,0,0,L,33
OAS30243,,50.2959,,2,12,3,5,White,,,,,,1,,,R,44
OAS30244,,73.063,,2,12,2,5,White,0,0,0,0,0,1,0,0,R,44
OAS30245,,62.5973,72.1562,2,16,2,5,White,,,,,,1,1,1,R,34
OAS30246,,73.2438,,2,18,1,5,White,0,0,0,0,0,1,0,1,R,33
OAS30247,,75.0055,,2,12,2,5,White,0,0,0,0,0,1,0,0,R,33
OAS30248,,68.5479,,1,18,2,5,White,0,0,0,0,0,1,1,0,R,23
OAS30249,,50.8247,,1,12,3,5,White,,0,0,0,0,1,1,5,R,23
OAS30250,,66.7562,,1,12,2,5,White,0,0,0,0,0,1,0,0,R,34
OAS30251,,64.7753,,2,18,1,5,White,0,0,0,0,0,1,0,,R,33
OAS30252,,75.326,,2,12,3,5,White,0,0,0,0,0,1,1,1,R,44
OAS30253,,55.0082,,2,19,1,5,White,0,0,0,0,0,1,0,1,R,24
OAS30254,,75.1753,,2,16,2,4,Black,0,0,0,0,1,0,0,0,R,33
OAS30255,,77.1753,,2,16,2,5,White,0,0,0,0,0,1,1,0,R,34
OAS30256,,53.6027,,2,16,1,5,White,0,0,0,0,0,1,0,1,R,33
OAS30257,,66.8822,80.1781,1,18,1,5,White,0,0,0,0,0,1,0,0,R,34
OAS30258,,84.0904,,1,16,3,5,White,0,0,0,0,0,1,1,0,R,34
OAS30259,,65.1534,,2,12,2,5,White,0,,,,,1,0,1,R,24
OAS30261,,66.5041,81.2986,2,18,1,5,White,0,0,0,0,0,1,1,0,L,33
OAS30262,,71.8521,,2,18,1,5,White,0,0,0,0,0,1,0,1,R,34
OAS30263,,70.8192,85.5616,2,12,4,5,White,0,0,0,0,0,1,0,0,R,33
OAS30264,,65.5808,,2,18,1,5,White,0,0,0,0,0,1,0,1,R,24
OAS30265,,64.3726,72.8575,1,14,4,5,White,0,0,0,0,0,1,0,1,R,34
OAS30266,,55.2274,,1,16,3,4,Black,0,0,0,0,1,0,0,0,R,#N/A
OAS30267,,74.537,82.5041,2,8,4,5,White,0,0,0,0,0,1,0,0,R,34
OAS30268,,66.126,,1,18,1,5,White,0,,,,,1,0,0,R,33
OAS30269,,67.4959,,1,18,2,4,Black,0,0,0,0,1,0,0,0,,44
OAS30270,,70.6,,2,12,3,5,White,0,0,0,0,0,1,1,1,R,33
OAS30271,,66.0959,,1,18,2,5,White,,,,,,1,,,R,34
OAS30272,,65.7534,,2,16,2,5,White,0,0,0,0,0,1,0,1,R,34
OAS30273,,61.8493,74.4986,1,13,3,5,White,0,0,0,0,0,1,0,0,R,44
OAS30274,,53.5753,,2,18,2,5,White,0,0,0,0,0,1,5,1,R,33
OAS30275,,65.0904,70.3452,2,13,2,5,White,,,,,,1,1,0,R,33
OAS30276,,57.1726,,2,16,2,5,White,0,0,0,0,0,1,0,1,R,23
OAS30277,,72.463,,2,18,2,4,Black,0,0,0,0,1,0,0,1,R,24
OAS30278,,46.2932,,2,20,1,5,White,0,,,,,1,0,0,R,33
OAS30279,,72.7123,,2,16,1,5,White,0,0,0,0,0,1,0,1,L,34
OAS30280,,72.1836,,1,12,2,5,White,0,0,0,0,0,1,0,0,L,33
OAS30281,,73.8,75.5781,1,14,3,5,White,0,0,0,0,0,1,0,0,R,34
OAS30282,,82.4521,,1,16,2,4,Black,0,0,0,0,1,0,,0,R,23
OAS30283,,73.9233,,2,18,2,5,White,0,0,0,0,0,1,5,1,L,33
OAS30284,,54.5562,,2,18,2,5,White,0,0,0,0,0,1,1,0,R,23
OAS30285,,45.663,,2,18,2,5,White,0,0,0,0,0,1,0,0,R,44
OAS30286,,62.6849,,1,18,1,5,White,0,0,0,0,0,1,0,0,R,34
OAS30287,,71.8329,79.1863,1,21,1,5,White,0,0,0,0,0,1,1,0,R,33
OAS30288,,50.7945,,1,18,1,5,White,0,0,0,0,0,1,1,0,R,34
OAS30289,,64.6521,,2,14,4,4,Black,0,0,0,0,1,0,,1,R,34
OAS30290,,47.4575,,1,16,,5,White,,,,,,1,,,R,33
OAS30291,,66.3562,,2,12,3,5,White,0,0,0,0,0,1,0,1,R,33
OAS30292,,71.9096,,2,16,,0,Unknown,,,,,,,,,R,34
OAS30293,,56.7205,,2,18,2,5,White,0,0,0,0,0,1,0,0,R,33
OAS30294,,82.5726,85.6548,2,12,3,5,White,,,,,,1,0,0,R,33
OAS30295,,82.8548,,2,18,2,0,Unknown,,,,,,,,,R,34
OAS30296,,88.7507,92.4,2,13,2,5,White,0,0,0,0,0,1,0,0,R,34
OAS30297,,49.0932,,2,16,2,5,White,0,,,,,1,0,1,R,33
OAS30298,,79.2,86.0384,2,12,3,5,White,,,,,,1,0,0,R,34
OAS30299,,75.0356,,2,12,4,5,White,,,,,,1,0,0,R,33
OAS30300,,56.1452,,2,12,3,4,Black,0,0,0,0,1,0,0,0,R,34
OAS30302,,85.3753,93.7616,2,12,2,5,White,0,0,0,0,0,1,1,0,R,33
OAS30303,,58.2192,,2,14,3,5,White,0,0,0,0,0,1,0,1,R,33
OAS30304,,68.737,,1,18,2,4,Black,0,0,0,0,1,0,0,0,R,23
OAS30305,,71.2192,78.0137,1,12,3,4,Black,0,0,0,0,1,0,0,1,R,33
OAS30306,,72.4027,,1,18,2,5,White,0,0,0,0,0,1,0,5,R,33
OAS30307,,77.4027,,1,16,2,5,White,0,0,0,0,0,1,1,1,R,33
OAS30308,,55.811,,2,18,1,5,White,0,0,0,0,0,1,0,0,R,34
OAS30309,,65.9014,,2,16,1,5,White,0,0,0,0,0,1,1,1,R,23
OAS30310,,86.9014,89.8685,2,18,1,5,White,0,0,0,0,0,1,0,1,R,23
OAS30311,,66.5836,,2,12,4,4,Black,0,0,0,0,1,0,0,0,R,33
OAS30312,,76.2603,81.2082,2,10,5,5,White,0,0,0,0,0,1,0,0,R,23
OAS30313,,67.937,,1,12,3,5,White,0,0,0,0,0,1,1,1,R,34
OAS30314,,56.6,87.0356,2,16,1,5,White,0,,,,,1,0,1,R,34
OAS30315,,77.4027,83.4356,1,20,1,4,Black,0,0,0,0,1,0,1,5,R,33
OAS30316,,69.3123,,1,14,1,5,White,0,0,0,0,0,1,,0,R,33
OAS30317,,73.6411,,1,14,3,5,White,0,0,0,0,0,1,0,0,R,33
OAS30318,,63.7616,,1,16,2,5,White,0,0,0,0,0,1,0,1,R,33
OAS30319,,52.4575,,2,12,3,5,White,,,,,,1,0,0,R,33
OAS30320,,68.8274,,1,16,2,5,White,0,0,0,0,0,1,1,0,R,33
OAS30321,,65.7644,,2,16,1,5,White,0,0,0,0,0,1,0,1,L,33
OAS30322,,69.6575,,1,16,3,5,White,0,,,,,1,0,1,R,33
OAS30323,,66.926,,2,16,3,4,Black,,,,,1,,,0,R,34
OAS30324,,60.0932,,2,24,1,5,White,0,0,0,0,0,1,0,1,R,33
OAS30325,,63.3973,,2,14,3,5,White,0,0,0,0,0,1,0,1,R,34
OAS30326,,74.0027,,2,12,4,5,White,0,0,0,0,0,1,1,1,R,33
OAS30327,,72.5315,,1,16,5,4,Black,,,,,1,,0,0,R,34
OAS30328,,72.6055,,1,14,2,5,White,0,0,0,0,0,1,5,0,R,23
OAS30329,,76.3397,,1,16,2,5,White,0,0,0,0,0,1,0,0,R,33
OAS30330,,80.811,,1,18,1,0,Unknown,,,,,,,,,R,33
OAS30331,,67.5288,81.6767,1,12,4,5,White,,,,,,1,0,0,R,33
OAS30332,,78.2219,79.4877,1,20,2,5,White,0,0,0,0,0,1,0,0,R,34
OAS30333,,70.1671,,1,20,2,5,White,0,0,0,0,0,1,0,0,R,33
OAS30334,,78.4384,83.1014,1,16,1,5,White,0,0,0,0,0,1,0,1,R,44
OAS30335,,66.4548,,2,16,1,5,White,0,0,0,0,0,1,0,1,L,33
OAS30336,,74.3562,,1,16,2,5,White,0,0,0,0,0,1,0,0,R,33
OAS30337,,68.3534,,2,14,3,5,White,0,0,0,0,0,1,0,0,L,33
OAS30339,,73.7479,78.0411,1,16,1,5,White,0,0,0,0,0,1,0,1,R,33
OAS30340,,67.5205,,2,18,2,5,White,,0,0,0,0,1,0,1,R,33
OAS30341,,69.189,,2,18,1,5,White,0,0,0,0,0,1,0,1,R,34
OAS30342,,79.1671,85.6274,1,20,1,5,White,0,0,0,0,0,1,5,0,R,34
OAS30343,,68.4329,,2,18,2,5,White,,0,0,0,0,1,0,1,R,33
OAS30344,,81.2877,91.3808,1,12,5,5,White,0,0,0,0,0,1,1,1,R,44
OAS30345,,66.937,,2,11,5,4,Black,,,,,1,,,,R,44
OAS30346,,72.2,78.5425,2,12,4,5,White,0,0,0,0,0,1,0,0,R,33
OAS30347,,77.7836,89.0932,1,18,1,5,White,,,,,,1,1,0,R,34
OAS30348,,71.1808,,1,18,1,4,Black,0,0,0,0,1,0,,0,R,34
OAS30349,,73.7178,,1,14,3,5,White,0,0,0,0,0,1,0,0,R,33
OAS30350,,80.1671,84.789,2,12,2,5,White,0,0,0,0,0,1,0,0,R,33
OAS30351,,73.5562,,2,12,4,5,White,0,0,0,0,0,1,0,0,R,23
OAS30352,,94.9973,,2,8,5,4,Black,0,0,0,0,1,0,0,0,R,34
OAS30353,,57.463,,2,18,2,5,White,0,0,0,0,0,1,5,1,R,33
OAS30354,,66.6877,,1,16,2,5,White,,,,,,1,,,R,33
OAS30355,,66.7973,,1,18,1,5,White,0,0,0,0,0,1,5,5,R,34
OAS30356,,80.6192,88.8986,1,18,1,5,White,0,,,,,1,0,0,R,33
OAS30357,,73.4986,,1,12,4,5,White,0,0,0,0,0,1,0,0,R,34
OAS30358,,72.9644,,2,12,3,5,White,,,,,,1,0,0,R,34
OAS30359,,56.137,,2,18,1,5,White,0,0,0,0,0,1,0,1,L,33
OAS30360,,58.1781,,1,16,2,5,White,,0,0,0,0,1,1,1,,33
OAS30361,,74.7863,,2,12,3,5,White,0,0,0,0,0,1,0,0,R,33
OAS30362,,67.5863,,2,16,1,4,Black,0,0,0,0,1,0,0,0,R,33
OAS30363,,71.0959,85.2192,2,16,1,5,White,0,0,0,0,0,1,0,1,R,24
OAS30364,,70.8438,,1,16,3,5,White,0,0,0,0,0,1,0,,R,33
OAS30365,,58.5425,82.074,2,13,4,5,White,,,,,,1,0,1,R,33
OAS30367,,57.9562,,2,20,1,5,White,0,0,0,0,0,1,0,5,L,22
OAS30368,,56.4301,,1,18,2,5,White,0,0,0,0,0,1,0,5,R,34
OAS30369,,64.4575,,2,13,2,5,White,0,0,0,0,0,1,1,1,R,33
OAS30370,,82.5726,,2,8,5,4,Black,0,0,0,0,1,0,,0,R,33
OAS30371,,66.2685,,1,15,2,4,Black,0,0,0,0,1,0,1,5,R,44
OAS30372,,54.4027,,2,12,2,5,White,0,0,0,0,0,1,0,1,R,33
OAS30373,,69.8767,78.0795,1,20,1,5,White,0,0,0,0,0,1,0,1,R,24
OAS30374,,76.0932,84.7836,2,15,2,5,White,0,0,0,0,0,1,0,1,L,44
OAS30375,,50.4548,,1,12,4,5,White,,0,0,0,0,1,0,1,R,33
OAS30376,,77.2466,,2,17,2,5,White,0,0,0,0,0,1,1,1,R,33
OAS30377,,74.3753,,2,18,1,5,White,0,0,0,0,0,1,1,0,R,33
OAS30378,,72.7397,,1,14,3,5,White,0,0,0,0,0,1,0,0,R,33
OAS30379,,83.4027,94.4247,1,16,1,5,White,,,,,,1,0,1,R,33
OAS30380,,61.4329,,2,15,3,5,White,,,,,,1,,,R,33
OAS30381,,70.3863,87.6384,1,18,1,4,Black,0,,,,1,,0,,R,23
OAS30382,,72.1397,,1,18,1,5,White,0,0,0,0,0,1,5,0,R,33
OAS30383,,88.5507,99.0082,1,16,1,5,White,,,,,,1,0,5,R,22
OAS30384,,65.2301,,1,16,3,4,Black,0,0,0,0,1,0,0,0,R,33
OAS30385,,73.3151,,2,17,1,5,White,0,0,0,0,0,1,1,5,R,33
OAS30386,,74.8301,,1,18,2,5,White,0,0,0,0,0,1,0,0,R,34
OAS30387,,74.1096,86.1671,1,17,1,5,White,0,0,0,0,0,1,0,0,R,33
OAS30388,,76.4877,86.263,2,12,2,5,White,0,0,0,0,0,1,0,0,R,24
OAS30390,,50.6247,,1,16,3,5,White,0,0,0,0,0,1,0,1,R,33
OAS30391,,82.8767,,1,16,3,5,White,0,0,0,0,0,1,0,1,R,34
OAS30392,,72.4849,,2,17,2,5,White,0,0,0,0,0,1,5,5,R,23
OAS30393,,63.5973,95.7397,2,13,2,5,White,,0,0,0,0,1,1,0,R,33
OAS30394,,84.8438,,2,12,3,4,Black,0,0,0,0,1,0,0,0,R,33
OAS30395,,53.2822,,2,18,1,5,White,0,0,0,0,0,1,1,1,R,34
OAS30396,,70.0575,,1,19,1,5,White,0,0,0,0,0,1,0,1,L,34
OAS30397,,68.9479,71.8685,1,12,4,5,White,0,0,0,0,0,1,0,0,R,23
OAS30398,,74.8986,,1,18,2,4,Black,0,0,0,0,1,0,0,1,R,24
OAS30399,,79.1233,87.1863,1,16,1,5,White,0,0,0,0,0,1,0,0,R,33
OAS30400,,53.9644,,1,18,2,5,White,0,0,0,0,0,1,1,0,R,34
OAS30401,,63.8164,,2,12,3,5,White,0,0,0,0,0,1,0,0,L,33
OAS30402,,67.7808,,2,14,3,4,Black,0,0,0,0,1,0,0,1,R,23
OAS30403,,58.5589,,2,6,3,4,Black,0,0,0,0,1,0,0,1,R,44
OAS30404,,63.5781,,1,16,2,4,Black,0,0,0,0,1,0,,1,R,34
OAS30405,,70.611,,2,16,2,5,White,,0,0,0,0,1,0,1,R,44
OAS30406,,75.7452,,1,16,3,5,White,0,0,0,0,0,1,0,0,L,33
OAS30407,,75.7342,,2,14,3,5,White,0,0,0,0,0,1,0,0,L,34
OAS30408,,76.137,83.5726,1,20,2,5,White,,,,,,1,1,1,R,44
OAS30410,,74.2658,,2,12,3,5,White,0,0,0,0,0,1,5,5,R,34
OAS30411,,47.5589,,1,16,1,5,White,0,0,0,0,0,1,1,1,R,33
OAS30412,,80.6685,99.0932,2,23,1,5,White,,,,,,1,0,0,R,23
OAS30413,,64.3507,72.126,2,16,2,5,White,0,0,0,0,0,1,0,0,R,33
OAS30414,,73.1945,,1,18,2,5,White,0,0,0,0,0,1,0,0,R,23
OAS30415,,73.0521,82.3863,1,16,1,5,White,0,0,0,0,0,1,0,1,R,23
OAS30416,,79.2521,,2,11,4,5,White,0,0,0,0,0,1,0,0,R,23
OAS30417,,69.7178,,2,16,2,5,White,0,0,0,0,0,1,1,0,R,34
OAS30418,,74.3479,84.6822,1,16,2,5,White,0,0,0,0,0,1,0,1,R,34
OAS30419,,47.3918,,2,18,2,5,White,0,0,0,0,0,1,1,5,R,34
OAS30420,,85.389,100.7178,2,14,2,5,White,,,,,,1,0,0,R,33
OAS30421,,71.3973,,1,18,1,5,White,0,0,0,0,0,1,0,0,R,33
OAS30422,,76.2356,,1,12,4,4,Black,0,0,0,0,1,0,0,1,R,34
OAS30423,,79.2082,,2,18,1,5,White,0,0,0,0,0,1,5,0,R,33
OAS30424,,60.4164,,2,20,2,5,White,,,,,,1,0,0,R,33
OAS30427,,54.4603,,2,16,3,5,White,,,,,,1,,,R,23
OAS30428,,76.011,,2,12,4,5,White,0,0,0,0,0,1,0,0,R,24
OAS30429,,48.0959,,2,18,2,5,White,0,0,0,0,0,1,0,0,R,33
OAS30430,,73.2219,76.7288,2,12,3,5,White,0,0,0,0,0,1,0,1,L,34
OAS30431,,66.8384,,1,16,3,5,White,0,0,0,0,0,1,5,1,R,33
OAS30432,,43.2438,,2,16,2,4,Black,0,0,0,0,1,0,1,1,R,34
OAS30433,,65.863,82.8795,1,16,1,5,White,0,0,0,0,0,1,0,0,L,33
OAS30434,,75.9288,,2,12,4,5,White,0,0,0,0,0,1,0,0,R,34
OAS30435,,75.5973,,1,16,3,5,White,0,0,0,0,0,1,1,1,R,33
OAS30436,,81.0219,85.6959,1,20,1,5,White,0,,,,,1,0,0,R,33
OAS30438,,73.3616,,2,18,2,5,White,0,0,0,0,0,1,0,0,R,33
OAS30440,,77.3178,,2,16,,5,White,,,,,,1,,,R,34
OAS30441,,66.4795,,1,16,2,5,White,0,0,0,0,0,1,0,0,R,33
OAS30442,,64.2192,,2,16,2,5,White,0,,,,,1,1,0,R,34
OAS30443,,67.4658,,1,16,2,5,White,0,0,0,0,0,1,0,5,R,33
OAS30444,,55.526,,2,16,2,5,White,0,0,0,0,0,1,0,0,R,33
OAS30445,,65.3534,,2,20,1,5,White,0,0,0,0,0,1,1,1,R,33
OAS30446,,56.6055,,1,14,3,5,White,,,,,,1,0,1,R,24
OAS30447,,81.6027,,1,20,1,5,White,0,0,0,0,0,1,0,0,L,34
OAS30448,,67.2849,,2,18,2,4,Black,0,0,0,0,1,0,0,1,R,23
OAS30449,,72.0329,,1,18,2,5,White,0,0,0,0,0,1,5,1,R,33
OAS30450,,72.1288,,2,18,2,5,White,0,0,0,0,0,1,0,1,R,34
OAS30451,,80.3836,96.8192,2,18,2,5,White,0,0,0,0,0,1,0,0,R,33
OAS30452,,47.7452,,2,16,1,5,White,0,0,0,0,0,1,0,1,R,34
OAS30453,,82.4548,89.9644,1,20,1,5,White,0,0,0,0,0,1,0,1,L,33
OAS30454,,63.3534,,2,12,3,5,White,0,0,0,0,0,1,0,0,R,33
OAS30455,,60.4438,,2,13,3,5,White,0,0,0,0,0,1,0,1,R,34
OAS30456,,65.8822,69.1562,1,12,3,4,Black,0,,,,1,,0,0,R,23
OAS30457,,74.0932,79.7589,1,16,3,5,White,,,,,,1,1,0,R,34
OAS30458,,63.7699,,2,18,2,5,White,0,0,0,0,0,1,0,1,R,33
OAS30459,,62.3753,,2,16,1,5,White,0,,,,,1,0,0,R,23
OAS30460,,87.8959,,1,12,4,5,White,0,0,0,0,0,1,0,0,R,34
OAS30461,,68.9589,,1,14,3,5,White,0,,,,,1,0,0,R,33
OAS30462,,50.9973,,1,14,2,4,Black,0,0,0,0,1,0,0,0,R,33
OAS30463,,79.1205,92.1479,1,12,3,5,White,,,,,,1,1,0,R,33
OAS30464,,60.8082,,2,12,4,5,White,0,0,0,0,0,1,0,0,R,33
OAS30465,,60.0932,,1,18,2,5,White,0,0,0,0,0,1,0,1,R,34
OAS30466,,66.5205,,2,13,2,4,Black,0,0,0,0,1,0,0,0,R,33
OAS30467,,82.3041,88.5288,2,16,1,4,Black,0,0,0,0,1,0,0,0,L,34
OAS30468,,74.6466,,2,18,2,4,Black,0,0,0,0,1,0,0,1,R,34
OAS30469,,74.9041,,2,18,1,5,White,0,0,0,0,0,1,0,0,R,33
OAS30470,,80.8,89.211,1,11,4,4,Black,0,,,,1,,0,0,R,34
OAS30471,,79.7452,93.9425,1,18,2,5,White,0,0,0,0,0,1,0,0,R,33
OAS30472,,60.4658,69.1671,1,16,1,5,White,0,0,0,0,0,1,1,0,R,23
OAS30473,,69.1699,76.4,1,16,2,5,White,0,0,0,0,0,1,0,0,R,34
OAS30474,,78.3014,89.7589,2,13,2,5,White,0,0,0,0,0,1,0,1,R,34
OAS30475,,72.8603,,2,19,1,4,Black,0,0,0,0,1,0,5,0,R,34
OAS30476,,71.4493,,2,14,2,5,White,0,0,0,0,0,1,0,1,R,34
OAS30477,,78.6575,,2,13,,5,White,,,,,,1,,,R,0
OAS30478,,68.6411,90.7041,1,18,2,5,White,,,,,,1,0,1,R,33
OAS30479,,79.5836,,1,16,1,5,White,0,0,0,0,0,1,0,0,R,33
OAS30480,,74.2082,,2,12,3,5,White,0,0,0,0,0,1,0,0,R,33
OAS30481,,73.6986,,2,13,3,5,White,0,0,0,0,0,1,1,1,R,34
OAS30482,,54.4959,,2,23,2,5,White,,,,,,1,0,0,R,33
OAS30483,,55.4219,,2,16,2,5,White,0,0,0,0,0,1,1,5,R,34
OAS30484,,61.1836,,2,12,4,5,White,0,0,0,0,0,1,1,0,R,33
OAS30485,,73.126,,2,15,2,5,White,0,0,0,0,0,1,0,1,R,33
OAS30486,,54.6767,,1,16,2,5,White,0,0,0,0,0,1,0,1,R,44
OAS30487,,72.2411,,2,17,2,5,White,0,0,0,0,0,1,0,5,R,33
OAS30489,,70.4,,1,16,2,5,White,0,0,0,0,0,1,0,0,R,33
OAS30490,,74.8904,83.789,1,22,1,5,White,,,,,,1,0,0,R,33
OAS30491,,77.9945,,2,18,1,5,White,0,0,0,0,0,1,0,0,R,33
OAS30492,,57.3507,,1,16,2,5,White,0,0,0,0,0,1,0,1,R,33
OAS30493,,91.5288,99.0932,2,17,2,4,Black,0,0,0,0,1,0,,0,R,23
OAS30494,,51.463,,1,17,2,5,White,0,0,0,0,0,1,1,1,R,33
OAS30495,,71.1397,,2,12,3,5,White,0,0,0,0,0,1,0,0,R,34
OAS30496,,61.8329,,1,16,2,5,White,0,0,0,0,0,1,1,5,R,33
OAS30497,,65.2521,,2,17,2,5,White,0,0,0,0,0,1,0,1,L,33
OAS30498,,66.3479,,1,12,3,5,White,0,0,0,0,0,1,0,1,R,24
OAS30499,,57.1315,68.8575,2,11,5,4,Black,0,0,0,0,1,0,1,1,R,33
OAS30500,,70.6027,81.6712,1,16,1,5,White,0,0,0,0,0,1,0,0,R,23
OAS30502,,51.6822,,2,18,2,5,White,0,0,0,0,0,1,1,1,R,33
OAS30503,,72.474,,1,13,1,5,White,0,0,0,0,0,1,0,0,R,34
OAS30504,,66.3014,74.7534,1,16,1,5,White,0,,,,,1,1,0,R,34
OAS30505,,67.8986,95.4438,1,16,1,5,White,,0,0,0,0,1,0,0,R,33
OAS30506,,77.0137,91.4274,1,18,1,5,White,0,,,,,1,0,0,R,33
OAS30507,,55.5699,,2,14,3,5,White,0,0,0,0,0,1,1,0,R,34
OAS30508,,69.737,,2,13,4,5,White,0,0,0,0,0,1,0,1,R,33
OAS30509,,64.5699,,2,18,2,5,White,0,0,0,0,0,1,0,1,R,34
OAS30510,,85.2493,88.9644,1,8,4,5,White,0,0,0,0,0,1,0,0,R,33
OAS30512,,61.6795,,1,20,1,5,White,,,,,,1,0,0,R,33
OAS30513,,68.5205,,2,20,1,5,White,0,0,0,0,0,1,1,1,R,33
OAS30514,,64.3671,,2,18,2,4,Black,0,0,0,0,1,0,5,,R,34
OAS30515,,76.8,,1,18,2,5,White,0,0,0,0,0,1,0,1,L,34
OAS30516,,67.5342,,2,16,2,5,White,0,0,0,0,0,1,0,0,R,34
OAS30517,,73.9726,,1,16,1,5,White,0,0,0,0,0,1,0,0,R,33
OAS30518,,64.589,,1,18,2,4,Black,0,0,0,0,1,0,0,0,R,33
OAS30519,,87.7507,89.6493,1,12,2,5,White,0,0,0,0,0,1,0,0,R,33
OAS30521,,70.0658,78.6658,2,12,4,5,White,0,0,0,0,0,1,0,0,R,34
OAS30522,,84.1616,89.6219,2,13,2,5,White,0,0,0,0,0,1,0,0,R,33
OAS30523,,51.6986,,2,16,2,5,White,0,0,0,0,0,1,0,0,R,33
OAS30524,,69.5205,,2,18,2,5,White,,,,,,1,0,0,R,33
OAS30525,,77.326,,2,13,3,5,White,0,0,0,0,0,1,0,0,R,33
OAS30527,,74.2959,,2,16,2,5,White,0,0,0,0,0,1,0,1,R,33
OAS30528,,64.9151,73.4192,2,14,3,4,Black,0,0,0,0,1,0,0,0,R,23
OAS30529,,70.8384,,2,14,2,5,White,0,0,0,0,0,1,0,1,L,34
OAS30530,,66.9671,,2,16,1,5,White,0,,,,,1,1,0,R,34
OAS30531,,52.1315,,2,18,2,5,White,0,0,0,0,0,1,1,0,R,33
OAS30532,,75.7562,,2,13,3,4,Black,0,0,0,0,1,0,0,0,R,44
OAS30533,,77.2877,83.6192,2,14,2,5,White,0,0,0,0,0,1,0,1,R,34
OAS30534,,66.4932,80.1808,1,16,3,5,White,0,0,0,0,0,1,1,0,R,33
OAS30535,,52.2712,,2,15,4,5,White,0,0,0,0,0,1,0,0,R,33
OAS30536,,84.5288,94.6082,2,16,2,5,White,,,,,,1,0,1,R,34
OAS30537,,65.7644,,2,16,2,5,White,0,0,0,0,0,1,5,1,R,34
OAS30538,,71.0959,,2,18,2,5,White,0,0,0,0,0,1,0,1,R,33
OAS30539,,81.5315,,2,18,2,4,Black,0,,,,1,,0,0,R,34
OAS30540,,70.2219,71.9205,1,15,3,5,White,,,,,,1,0,1,R,34
OAS30541,,73.5397,,1,13,3,5,White,0,0,0,0,0,1,1,0,R,34
OAS30542,,72.4329,,1,18,1,5,White,0,0,0,0,0,1,5,,R,23
OAS30543,,85.6904,87.8027,1,18,1,5,White,0,0,0,0,0,1,0,1,R,33
OAS30544,,88.2603,89.4164,1,16,1,5,White,0,0,0,0,0,1,0,0,R,34
OAS30545,,72.7151,,1,18,1,0,Unknown,,,,,,,,,R,23
OAS30546,,74.126,,2,16,1,5,White,0,0,0,0,0,1,0,0,R,23
OAS30547,,75.4877,,2,18,1,5,White,0,0,0,0,0,1,0,0,R,33
OAS30548,,74.6438,78.4795,1,16,1,5,White,0,0,0,0,0,1,5,1,R,34
OAS30549,,76.4384,,1,12,3,5,White,0,,,,,1,0,1,R,33
OAS30550,,66.2,,1,18,2,5,White,0,0,0,0,0,1,0,1,R,34
OAS30551,,64.7096,,2,12,3,5,White,0,0,0,0,0,1,0,0,R,33
OAS30552,,73.0877,84.3808,1,18,1,5,White,0,0,0,0,0,1,1,0,R,33
OAS30553,,66.9589,,1,13,2,5,White,0,0,0,0,0,1,0,1,R,33
OAS30554,,74.063,87.1233,2,16,1,5,White,0,0,0,0,0,1,1,0,R,34
OAS30555,,65.1068,,2,16,2,5,White,0,0,0,0,0,1,0,1,L,33
OAS30556,,70.8,76.6055,2,16,2,5,White,0,0,0,0,0,1,0,1,R,34
OAS30557,,82.1178,95.9534,2,18,2,5,White,0,0,0,0,0,1,0,0,B,23
OAS30558,,63.7507,,2,16,1,5,White,0,0,0,0,0,1,0,1,R,34
OAS30559,,68.1753,,1,12,3,5,White,0,0,0,0,0,1,0,0,R,33
OAS30560,,67.5589,,1,16,1,5,White,0,0,0,0,0,1,0,0,R,34
OAS30561,,69.8466,,2,18,2,5,White,0,0,0,0,0,1,0,1,R,33
OAS30562,,61.4192,,2,16,1,5,White,0,0,0,0,0,1,0,0,R,33
OAS30563,,78.7041,96.8137,2,8,5,4,Black,0,0,0,0,1,0,0,0,R,33
OAS30564,,81.7096,97.6822,2,18,2,5,White,0,0,0,0,0,1,0,1,R,23
OAS30565,,72.7151,89.6247,1,16,3,5,White,,,,,,1,0,1,R,33
OAS30566,,71.0164,73.3781,1,12,4,5,White,0,0,0,0,0,1,1,0,R,33
OAS30567,,74.6932,,2,18,2,5,White,0,0,0,0,0,1,0,1,R,33
OAS30568,,54.9918,,2,18,2,5,White,0,0,0,0,0,1,5,5,R,33
OAS30569,,69.2137,,2,16,1,5,White,,0,0,0,0,1,0,0,R,33
OAS30570,,66.2055,,1,14,3,5,White,,,,,,1,0,0,R,33
OAS30571,,54.4301,,2,20,1,5,White,,0,0,0,0,1,0,0,R,44
OAS30572,,62.6082,,1,20,1,5,White,0,0,0,0,0,1,0,5,R,33
OAS30573,,69.4164,,2,16,2,5,White,0,0,0,0,0,1,0,1,R,33
OAS30574,,72.1644,,2,18,1,5,White,0,0,0,0,0,1,1,1,R,34
OAS30575,,65.2219,,1,16,2,5,White,,,,,,1,,,R,33
OAS30576,,75.211,,2,18,2,5,White,0,0,0,0,0,1,0,0,L,44
OAS30577,,80.4082,,1,18,1,5,White,0,0,0,0,0,1,1,0,R,33
OAS30578,,79.7589,,2,16,1,5,White,0,0,0,0,0,1,1,0,L,34
OAS30579,,57.3836,,2,18,2,5,White,0,0,0,0,0,1,1,1,R,23
OAS30580,,67.7562,,1,16,1,5,White,0,0,0,0,0,1,,0,R,23
OAS30581,,50.2164,,2,16,3,5,White,0,,,,,1,1,1,R,34
OAS30582,,67.6658,71.9644,2,13,4,5,White,0,0,0,0,0,1,0,1,R,34
OAS30583,,70.1808,,1,13,2,5,White,0,0,0,0,0,1,0,1,R,33
OAS30584,,73.9342,,1,16,3,5,White,0,0,0,0,0,1,0,0,R,34
OAS30585,,80.4575,,1,19,1,5,White,0,0,0,0,0,1,5,0,R,33
OAS30586,,86.211,,1,16,2,5,White,0,0,0,0,0,1,1,0,R,34
OAS30587,,64.1781,82.7644,2,14,2,5,White,0,0,0,0,0,1,0,1,R,34
OAS30588,,47.1342,,2,15,3,4,Black,0,,,,1,,0,1,R,33
OAS30589,,74.5288,,2,18,1,5,White,0,0,0,0,0,1,5,5,R,34
OAS30590,,58.5205,,1,18,2,5,White,0,0,0,0,0,1,0,1,R,34
OAS30591,,74.7014,78.3808,2,18,1,5,White,,,,,,1,0,1,R,34
OAS30592,,80.2137,,1,18,1,5,White,0,0,0,0,0,1,0,5,R,33
OAS30593,,65.7397,,1,16,1,5,White,0,0,0,0,0,1,1,0,R,33
OAS30594,,62.3671,,2,18,1,5,White,0,0,0,0,0,1,0,1,R,23
OAS30595,,66.9425,,2,18,2,4,Black,0,0,0,0,1,0,5,0,R,33
OAS30596,,72.3425,79.3397,2,19,1,5,White,0,,,,,1,0,1,R,44
OAS30597,,72.6603,,1,14,2,5,White,0,0,0,0,0,1,0,1,R,33
OAS30598,,79.4301,,1,12,3,5,White,0,0,0,0,0,1,1,0,R,44
OAS30599,,75.3973,,2,18,2,5,White,0,0,0,0,0,1,0,1,R,33
OAS30600,,53.5178,,2,14,2,5,White,0,0,0,0,0,1,0,1,R,24
OAS30601,,67.5479,,1,12,3,5,White,0,0,0,0,0,1,0,1,R,23
OAS30602,,64.463,,2,15,2,5,White,0,,,,,1,0,1,R,34
OAS30603,,69.937,,1,18,1,5,White,0,0,0,0,0,1,0,0,R,33
OAS30605,,76.274,88.7315,1,20,1,5,White,0,0,0,0,0,1,0,5,R,33
OAS30606,,69.6055,,2,16,1,5,White,0,0,0,0,0,1,0,0,R,33
OAS30607,,86.6986,,2,15,1,5,White,0,0,0,0,0,1,0,0,R,33
OAS30608,,55.9808,,1,18,2,5,White,0,0,0,0,0,1,0,1,R,34
OAS30610,,75.6767,80.2027,2,12,3,5,White,,,,,,1,0,1,R,34
OAS30612,,64.4603,,2,14,2,5,White,0,0,0,0,0,1,0,1,R,33
OAS30613,,82.9836,86.5068,1,18,2,5,White,0,0,0,0,0,1,0,0,R,33
OAS30614,,73.5534,,2,12,3,5,White,,0,0,0,0,1,5,0,R,23
OAS30615,,67.6301,,1,12,3,5,White,0,0,0,0,0,1,0,1,R,23
OAS30616,,76.3178,77.8959,2,13,3,5,White,0,0,0,0,0,1,1,1,R,34
OAS30617,,75.7178,81.3151,2,18,2,5,White,0,0,0,0,0,1,0,0,L,33
OAS30618,,65.2959,,1,12,3,5,White,0,0,0,0,0,1,,0,R,44
OAS30619,,81.5479,,2,16,3,5,White,0,,,,,1,0,1,R,33
OAS30620,,60.7863,,2,18,2,4,Black,0,0,0,0,1,0,0,1,R,33
OAS30621,,57.4219,,1,13,2,5,White,,,,,,1,0,0,R,33
OAS30622,,75.1808,,1,,,4,Black,,,,,1,,,,R,34
OAS30623,,72.5644,,2,12,4,5,White,0,0,0,0,0,1,,0,R,33
OAS30624,,68.8438,,2,16,1,5,White,0,0,0,0,0,1,0,1,R,34
OAS30625,,68.1123,,1,20,1,5,White,0,0,0,0,0,1,1,1,R,34
OAS30626,,56.1123,,2,13,3,5,White,,,,,,1,0,1,R,33
OAS30627,,80.4493,91.6055,1,16,1,5,White,,,,,,1,0,0,R,33
OAS30628,,79.3068,,2,16,2,4,Black,0,0,0,0,1,0,5,0,L,33
OAS30630,,69.4384,76.4795,1,18,2,5,White,0,0,0,0,0,1,0,0,L,33
OAS30631,,60.4493,,1,16,1,5,White,,,,,,1,0,0,R,33
OAS30632,,57.389,,1,16,2,4,Black,0,0,0,0,1,0,5,1,R,34
OAS30633,,54.8521,,2,18,1,5,White,0,0,0,0,0,1,1,5,R,34
OAS30634,,86.2329,,2,18,2,5,White,0,0,0,0,0,1,0,1,R,33
OAS30635,,68.9863,,2,17,2,5,White,0,0,0,0,0,1,,0,L,33
OAS30636,,58.3068,,2,16,1,5,White,0,0,0,0,0,1,0,1,R,24
OAS30637,,73.2247,,1,20,1,5,White,0,0,0,0,0,1,1,0,R,33
OAS30638,,42.4986,,1,20,1,5,White,0,0,0,0,0,1,1,1,R,33
OAS30641,,67.5973,75.3397,1,12,4,5,White,,,,,,1,1,1,R,33
OAS30642,,59.8603,,2,14,2,5,White,,,,,,1,0,0,R,23
OAS30643,,66.2137,,1,16,1,5,White,0,0,0,0,0,1,1,5,L,33
OAS30644,,69.126,74.6493,2,12,3,4,Black,0,0,0,0,1,0,0,5,R,33
OAS30646,,59.3014,,1,12,4,5,White,,,,,,1,,,R,33
OAS30647,,54.5315,,2,16,2,5,White,0,0,0,0,0,1,1,1,R,34
OAS30648,,89.8247,,2,16,1,4,Black,0,0,0,0,1,0,0,1,R,33
OAS30649,,71.6959,,1,16,2,5,White,,,,,,1,1,0,R,33
OAS30650,,75.5315,,2,8,4,5,White,,,,,,1,,,R,34
OAS30651,,66.9671,,2,12,4,5,White,0,0,0,0,0,1,0,5,R,33
OAS30652,,74.6466,89.4685,1,16,2,5,White,0,0,0,0,0,1,5,1,R,23
OAS30653,,66.3178,,2,16,3,5,White,,,,,,1,0,1,R,44
OAS30654,,83.1315,88.2849,2,16,2,5,White,0,0,0,0,0,1,0,0,R,34
OAS30655,,85.7671,93.5096,1,18,2,4,Black,0,0,0,0,1,0,,,L,34
OAS30656,,70.2247,,1,16,2,5,White,0,0,0,0,0,1,1,1,R,34
OAS30657,,72.7726,,2,14,3,5,White,0,0,0,0,0,1,5,1,R,33
OAS30658,,70.6219,,2,14,5,4,Black,0,0,0,0,1,0,0,1,R,33
OAS30659,,57.011,,2,12,,5,White,,,,,,1,,,R,34
OAS30660,,57.737,,2,19,1,5,White,0,0,0,0,0,1,0,0,R,33
OAS30661,,91.7178,93.2055,1,16,2,5,White,0,0,0,0,0,1,1,0,R,33
OAS30662,,78.8548,93.3726,2,16,1,5,White,,,,,,1,0,0,R,33
OAS30663,,69.4822,,2,15,2,5,White,0,0,0,0,0,1,5,1,R,33
OAS30664,,66.0849,,2,16,2,4,Black,0,0,0,0,1,0,0,0,R,23
OAS30665,,76.4137,91.2027,2,12,3,5,White,,,,,,1,0,1,R,23
OAS30666,,62.0493,,2,14,4,5,White,0,0,0,0,0,1,0,1,R,34
OAS30667,,66.5589,73.8959,2,14,3,4,Black,0,0,0,0,1,0,,1,R,33
OAS30668,,47.4329,,2,16,2,5,White,0,0,0,0,0,1,0,1,L,34
OAS30669,,70.8986,83.0986,1,18,2,5,White,,,,,,1,0,0,R,33
OAS30670,,71.7178,,1,19,2,5,White,0,0,0,0,0,1,5,0,R,34
OAS30671,,67.4384,,1,19,1,5,White,0,0,0,0,0,1,1,1,R,34
OAS30672,,77.4932,89.7562,1,16,3,5,White,0,0,0,0,0,1,0,0,R,33
OAS30673,,45.2959,,2,16,3,5,White,0,0,0,0,0,1,0,1,R,33
OAS30674,,65.4658,,2,13,3,5,White,,,,,,1,1,0,R,34
OAS30675,,69.0055,99.2137,1,16,2,5,White,,,,,,1,0,0,R,33
OAS30676,,61.3123,,2,16,1,5,White,0,0,0,0,0,1,1,0,R,34
OAS30677,,69.4055,,2,18,1,5,White,0,0,0,0,0,1,1,1,R,33
OAS30678,,84.8055,,2,14,4,4,Black,,,,,1,,1,1,R,23
OAS30679,,72.1699,,1,18,1,5,White,0,0,0,0,0,1,0,1,R,34
OAS30680,,72.1123,,1,16,1,5,White,0,0,0,0,0,1,1,0,R,33
OAS30681,,63.8603,,1,14,3,5,White,0,0,0,0,0,1,0,1,R,34
OAS30682,,77.0904,81.5644,2,16,2,5,White,,,,,,1,0,1,,34
OAS30683,,61.5781,,2,16,2,5,White,0,0,0,0,0,1,0,0,R,33
OAS30685,,68.6,,2,12,4,4,Black,0,0,0,0,1,0,0,0,R,33
OAS30686,,69.9863,,1,16,2,4,Black,0,0,0,0,1,0,0,0,R,34
OAS30687,,81.4986,,2,13,4,4,Black,,,,,1,,1,0,R,33
OAS30688,,66.8904,,2,18,2,5,White,0,0,0,0,0,1,1,0,R,34
OAS30689,,76.9945,90.611,2,18,1,5,White,,,,,,1,0,1,R,33
OAS30690,,59.7288,,1,16,2,5,White,0,0,0,0,0,1,0,1,,34
OAS30691,,69.5589,,2,17,2,5,White,0,0,0,0,0,1,0,1,R,33
OAS30692,,71.9781,,1,16,2,5,White,0,0,0,0,0,1,0,0,R,33
OAS30693,,52.2685,,2,16,2,5,White,,,,,,1,0,0,R,23
OAS30694,,61.0932,,2,16,3,5,White,,,,,,1,0,0,R,33
OAS30695,,71.8301,,1,18,2,5,White,0,0,0,0,0,1,0,0,R,44
OAS30698,,88.3288,99.5014,1,16,1,5,White,0,0,0,0,0,1,0,0,R,33
OAS30699,,43.5014,,1,18,1,5,White,0,0,0,0,0,1,1,0,R,33
OAS30700,,79.5973,94.9178,2,15,2,5,White,,,,,,1,0,1,R,33
OAS30701,,46.0082,,2,18,2,5,White,,0,0,0,0,1,1,0,R,34
OAS30702,,72.3479,,2,15,2,5,White,0,0,0,0,0,1,0,1,R,34
OAS30703,,72.5616,79.3233,2,16,1,5,White,0,0,0,0,0,1,0,0,R,33
OAS30704,,67.3479,,1,18,1,0,Unknown,,,,,,,,,R,33
OAS30705,,66.5863,,2,12,3,5,White,0,0,0,0,0,1,1,5,R,34
OAS30706,,80.1644,,1,12,4,4,Black,0,0,0,0,1,0,0,0,R,34
OAS30707,,83.3315,96.0055,1,29,1,5,White,0,0,0,0,0,1,0,1,R,34
OAS30708,,81.5589,,2,18,2,4,Black,0,0,0,0,1,0,0,0,R,33
OAS30709,,47.7808,,2,18,2,4,Black,0,,,,1,,0,1,R,34
OAS30710,,65.5918,,2,12,3,5,White,0,0,0,0,0,1,0,0,L,33
OAS30711,,58.2795,68.6932,2,18,2,5,White,0,0,0,0,0,1,0,1,R,33
OAS30713,,70.6712,,1,18,2,5,White,0,0,0,0,0,1,0,0,R,33
OAS30714,,66.2795,,2,12,4,5,White,0,0,0,0,0,1,0,1,R,34
OAS30715,,52.8493,,1,16,1,5,White,0,0,0,0,0,1,1,1,R,34
OAS30716,,72.2274,,2,12,3,5,White,0,0,0,0,0,1,1,0,R,34
OAS30717,,57.4904,,2,18,1,5,White,0,0,0,0,0,1,0,1,R,33
OAS30718,,75.4164,,2,13,3,0,Unknown,,,,,,,,,R,24
OAS30719,,60.9452,,2,14,3,5,White,0,0,0,0,0,1,0,5,R,34
OAS30720,,61.2849,76.3041,1,18,1,5,White,0,,,,,1,5,5,R,33
OAS30721,,68.5836,,2,14,3,5,White,0,0,0,0,0,1,1,5,R,23
OAS30722,,66.3918,,2,18,2,5,White,0,0,0,0,0,1,5,5,R,34
OAS30723,,69.0548,,1,18,2,5,White,0,0,0,0,0,1,0,0,R,34
OAS30724,,68.8137,82.4849,1,18,1,5,White,,,,,,1,0,1,R,34
OAS30725,,60.3534,,2,16,2,4,Black,0,0,0,0,1,0,0,1,R,33
OAS30726,,65.2959,,1,15,4,5,White,0,0,0,0,0,1,1,0,R,23
OAS30727,,66.8712,76.7644,1,13,1,4,Black,0,0,0,0,1,0,0,0,R,34
OAS30728,,77.1753,81.3918,1,15,2,4,Black,0,0,0,0,1,0,0,0,R,22
OAS30729,,63.1123,,1,13,3,5,White,0,0,0,0,0,1,1,0,L,33
OAS30730,,56.337,,2,14,3,4,Black,,,,,1,,0,1,R,33
OAS30731,,71.9836,,2,16,3,5,White,0,0,0,0,0,1,0,0,R,23
OAS30732,,69.4356,77.1397,2,15,2,5,White,0,0,0,0,0,1,0,1,R,44
OAS30733,,61.5205,,2,14,3,5,White,0,0,0,0,0,1,0,1,R,23
OAS30734,,66.3123,,2,12,4,5,White,0,0,0,0,0,1,0,1,R,44
OAS30735,,57.3014,,2,18,2,5,White,0,0,0,0,0,1,1,5,R,33
OAS30736,,75.6822,89.4795,1,20,1,5,White,,,,,,1,0,1,R,33
OAS30737,,75.1808,,2,12,3,5,White,0,0,0,0,0,1,1,0,R,33
OAS30739,,72.8411,,2,18,1,5,White,0,0,0,0,0,1,0,0,R,33
OAS30740,,65.0986,,1,13,2,5,White,,,,,,1,,,R,33
OAS30741,,74.3452,,1,15,1,5,White,0,0,0,0,0,1,0,1,L,33
OAS30742,,58.2575,,1,16,1,5,White,0,0,0,0,0,1,1,1,R,33
OAS30743,,72.5041,80.2767,1,20,1,5,White,0,0,0,0,0,1,0,0,L,33
OAS30744,,72.6192,,1,14,2,4,Black,0,0,0,0,1,0,0,0,R,34
OAS30745,,69.7014,89.8877,2,15,4,5,White,,,,,,1,5,1,R,33
OAS30746,,75.0986,,2,13,2,5,White,0,0,0,0,0,1,0,1,R,33
OAS30747,,53.9315,,1,20,1,4,Black,0,0,0,0,1,0,1,1,R,34
OAS30748,,54.6795,,2,12,4,4,Black,0,0,0,0,1,0,0,1,R,33
OAS30749,,73.2932,,1,17,2,5,White,0,0,0,0,0,1,1,0,L,33
OAS30750,,66.074,,1,20,1,5,White,0,0,0,0,0,1,0,0,R,33
OAS30751,,70.5233,,1,18,2,5,White,0,0,0,0,0,1,1,0,R,34
OAS30752,,83.8493,95.4986,2,8,3,5,White,0,0,0,0,0,1,0,0,R,23
OAS30753,,61.0192,,2,12,,5,White,,,,,,1,,,R,0
OAS30754,,61.4959,,1,14,2,5,White,0,0,0,0,0,1,0,0,L,33
OAS30755,,67.0877,,2,13,2,5,White,0,0,0,0,0,1,0,1,R,33
OAS30756,,52.9452,,2,16,2,5,White,0,0,0,0,0,1,1,0,R,33
OAS30757,,63.2164,,1,20,1,5,White,0,0,0,0,0,1,0,1,L,33
OAS30758,,50.9918,,2,14,,4,Black,,,,,1,,,,R,33
OAS30759,,69.5507,,2,20,2,5,White,0,0,0,0,0,1,0,0,R,23
OAS30760,,74.4137,93.7041,1,16,1,5,White,,,,,,1,0,5,R,33
OAS30761,,76.663,,1,12,4,5,White,0,,,,,1,0,1,R,34
OAS30762,,68.1671,,1,16,1,5,White,0,0,0,0,0,1,1,1,R,33
OAS30763,,81.8575,,2,12,3,4,Black,0,0,0,0,1,0,0,0,R,33
OAS30764,,67.9836,,2,18,3,4,Black,0,0,0,0,1,0,0,1,R,33
OAS30765,,67.1096,,2,12,4,5,White,0,0,0,0,0,1,0,1,R,34
OAS30766,,68.7342,,1,16,2,5,White,0,0,0,0,0,1,0,0,R,33
OAS30767,,65.7671,,2,12,3,5,White,0,0,0,0,0,1,0,1,R,34
OAS30768,,67.9562,,2,20,1,5,White,0,0,0,0,0,1,0,1,R,33
OAS30769,,68.7479,,1,18,2,5,White,0,0,0,0,0,1,0,5,L,34
OAS30770,,67.3123,,1,16,2,5,White,0,0,0,0,0,1,0,0,R,33
OAS30772,,70.6164,85.8192,1,12,3,5,White,0,0,0,0,0,1,0,5,R,33
OAS30773,,70.4438,,2,12,4,5,White,0,0,0,0,0,1,0,0,R,34
OAS30774,,75.8986,86.1425,2,12,4,5,White,0,0,0,0,0,1,0,1,R,33
OAS30775,,70.0411,,2,18,1,5,White,0,0,0,0,0,1,5,1,R,33
OAS30776,,68.737,,1,22,1,5,White,0,0,0,0,0,1,0,1,R,34
OAS30777,,61.9425,,2,15,2,5,White,0,0,0,0,0,1,0,0,R,34
OAS30778,,74.389,85.9753,2,17,1,5,White,0,0,0,0,0,1,0,0,R,33
OAS30779,,79.1068,,2,15,1,5,White,0,0,0,0,0,1,1,0,R,33
OAS30780,,75.1534,,2,13,3,4,Black,,,,,1,,0,0,R,34
OAS30781,,73.3479,,1,20,1,5,White,0,0,0,0,0,1,0,1,R,23
OAS30782,,86.3589,94.4411,1,17,1,5,White,0,0,0,0,0,1,0,0,R,34
OAS30783,,69.1205,,2,12,4,4,Black,0,0,0,0,1,0,0,0,L,34
OAS30784,,79.5973,96.1342,1,12,4,5,White,0,0,0,0,0,1,0,0,R,34
OAS30785,,79.2192,85.989,1,18,1,5,White,0,0,0,0,0,1,5,1,R,33
OAS30786,,48.1397,,1,16,3,5,White,0,0,0,0,0,1,0,1,R,33
OAS30787,,80.4274,101.8521,1,12,4,5,White,,,,,,1,0,0,R,23
OAS30788,,75.0301,,2,13,4,5,White,0,0,0,0,0,1,0,0,R,23
OAS30789,,70.1123,,1,14,2,5,White,0,0,0,0,0,1,5,1,R,33
OAS30790,,60.3425,73,1,15,3,5,White,0,,,,,1,1,0,R,34
OAS30791,,74.7397,86.3726,1,13,4,5,White,0,,,,,1,0,0,R,33
OAS30792,,58.9945,,2,12,4,4,Black,0,0,0,0,1,0,0,5,R,23
OAS30793,,70.0329,,2,12,2,5,White,0,0,0,0,0,1,0,1,R,44
OAS30794,,59.874,,1,12,4,5,White,0,0,0,0,0,1,0,0,R,23
OAS30795,,80.6795,,2,10,3,5,White,,,,,,1,0,0,R,34
OAS30796,,77.5945,79.2959,1,12,3,4,Black,0,0,0,0,1,0,0,0,L,34
OAS30797,,56.3288,,1,18,2,5,White,0,0,0,0,0,1,0,1,R,34
OAS30798,,68.4411,,1,18,1,5,White,0,0,0,0,0,1,0,1,R,33
OAS30799,,72.337,,2,12,4,5,White,,0,0,0,0,1,0,1,R,34
OAS30800,,62.9151,,1,18,2,5,White,0,0,0,0,0,1,1,0,R,34
OAS30801,,71.074,,2,15,2,5,White,0,0,0,0,0,1,0,0,R,33
OAS30802,,63.2466,69.8986,1,12,3,5,White,0,0,0,0,0,1,0,1,R,33
OAS30803,,52.3534,,2,20,1,5,White,0,0,0,0,0,1,0,1,R,33
OAS30804,,75.8521,84.3726,1,16,1,5,White,0,0,0,0,0,1,0,1,R,34
OAS30805,,66.6384,87.4274,1,18,2,5,White,,,,,,1,1,0,R,33
OAS30806,,79.989,,1,14,2,5,White,0,0,0,0,0,1,,,R,34
OAS30807,,66.6438,,1,18,1,5,White,0,0,0,0,0,1,0,0,R,33
OAS30808,,81.0767,91.8411,2,18,2,5,White,0,0,0,0,0,1,0,0,R,33
OAS30809,,68.4384,,1,16,2,5,White,0,0,0,0,0,1,5,1,L,44
OAS30810,,71.0247,,1,16,2,5,White,0,0,0,0,0,1,0,1,R,23
OAS30811,,65.463,94.3342,2,16,3,5,White,,,,,,1,0,0,R,33
OAS30812,,62.8521,,2,16,2,4,Black,0,0,0,0,1,0,0,,R,44
OAS30813,,70.6027,,2,19,2,5,White,0,0,0,0,0,1,0,5,R,33
OAS30814,,82.0055,92.0521,1,16,3,5,White,0,0,0,0,0,1,0,0,L,33
OAS30815,,67.8055,72.7342,1,12,3,5,White,0,0,0,0,0,1,0,0,R,34
OAS30816,,59.0603,,2,20,1,5,White,0,0,0,0,0,1,1,5,L,33
OAS30817,,73.0603,,1,20,1,5,White,0,0,0,0,0,1,0,0,R,33
OAS30818,,70.0575,,1,16,2,5,White,0,0,0,0,0,1,5,0,R,33
OAS30819,,72.1479,,2,18,1,5,White,0,0,0,0,0,1,0,0,R,33
OAS30820,,65.8055,,2,16,1,5,White,0,0,0,0,0,1,1,5,R,23
OAS30821,,57.2438,,2,16,2,5,White,0,0,0,0,0,1,0,0,R,23
OAS30822,,66.5397,,2,16,3,5,White,0,0,0,0,0,1,1,1,R,#N/A
OAS30823,,70.2603,,1,18,2,5,White,0,0,0,0,0,1,0,0,R,33
OAS30824,,73.7808,,2,19,2,5,White,0,0,0,0,0,1,0,5,R,34
OAS30825,,64.0685,88.9068,1,16,2,5,White,,0,0,0,0,1,5,0,L,33
OAS30826,,58.9151,64.6164,1,16,1,5,White,0,0,0,0,0,1,1,0,R,34
OAS30827,,72.3315,,1,16,1,5,White,0,0,0,0,0,1,0,1,R,34
OAS30828,,67.1836,,2,14,4,4,Black,0,0,0,0,1,0,1,0,R,34
OAS30829,,64.6438,90.3699,2,11,4,5,White,,,,,,1,0,1,R,34
OAS30830,,71.2027,,1,18,1,5,White,0,0,0,0,0,1,1,0,B,34
OAS30832,,60.6027,,2,13,3,5,White,0,0,0,0,0,1,0,1,R,33
OAS30834,,67.3753,,2,18,1,5,White,0,0,0,0,0,1,0,,,44
OAS30835,,72.6685,82.7863,2,16,2,5,White,0,0,0,0,0,1,0,0,R,34
OAS30836,,81.2658,87.0027,1,9,4,5,White,0,0,0,0,0,1,0,0,R,34
OAS30837,,76.5753,,2,16,3,5,White,,,,,,1,0,0,R,44
OAS30838,,68.4849,,2,18,2,5,White,0,0,0,0,0,1,5,0,R,44
OAS30839,,71.0301,,2,12,4,5,White,0,0,0,0,0,1,0,1,R,33
OAS30840,,67.5589,,2,13,2,5,White,0,0,0,0,0,1,0,0,R,34
OAS30841,,78.3644,,1,20,1,5,White,0,0,0,0,0,1,0,1,R,33
OAS30842,,74.5397,,2,18,2,5,White,0,0,0,0,0,1,0,1,R,34
OAS30843,,78.9918,,1,19,1,5,White,0,0,0,0,0,1,1,1,,23
OAS30844,,69.4247,,2,18,1,5,White,0,0,0,0,0,1,0,1,R,33
OAS30845,,66.2521,,2,14,2,5,White,0,0,0,0,0,1,5,5,R,33
OAS30846,,58.5836,,2,13,2,5,White,0,0,0,0,0,1,0,,R,33
OAS30847,,77.3342,,2,9,5,5,White,0,0,0,0,0,1,0,0,R,34
OAS30848,,76.9342,,1,24,1,5,White,0,0,0,0,0,1,0,0,R,33
OAS30849,,78.1315,83.1425,1,13,3,5,White,0,0,0,0,0,1,0,0,R,33
OAS30850,,90.1781,92.2658,1,18,2,4,Black,0,0,0,0,1,0,,,R,33
OAS30851,,73.4904,,1,,,0,Unknown,,,,,,,,,R,34
OAS30852,,62.8493,,2,18,2,5,White,,0,0,0,0,1,0,1,R,33
OAS30853,,79.3096,,1,16,1,5,White,0,0,0,0,0,1,0,0,R,44
OAS30854,,65.2548,,1,18,1,4,Black,0,0,0,0,1,0,5,1,R,22
OAS30855,,72.8849,,2,11,4,5,White,0,0,0,0,0,1,0,0,R,33
OAS30857,,49.9562,,1,18,2,4,Black,0,0,0,0,1,0,5,0,R,44
OAS30858,,69.2959,82.4904,2,15,3,5,White,0,0,0,0,0,1,0,1,R,34
OAS30859,,70.1041,78.4274,1,18,2,5,White,0,0,0,0,0,1,5,1,L,24
OAS30860,,73.4685,81.2959,2,13,2,5,White,0,,,,,1,0,0,R,34
OAS30861,,75.0575,,2,18,2,4,Black,0,0,0,0,1,0,0,0,R,33
OAS30862,,71.5781,,2,12,3,5,White,0,0,0,0,0,1,0,1,R,34
OAS30863,,66.5726,,2,19,2,5,White,0,0,0,0,0,1,1,1,R,44
OAS30864,,74.1096,,1,12,2,5,White,0,0,0,0,0,1,1,0,L,34
OAS30865,,73.7479,,2,12,4,4,Black,,,,,1,,0,0,R,34
OAS30866,,78.1068,,2,12,3,5,White,0,0,0,0,0,1,0,1,R,34
OAS30867,,76.6521,,2,16,2,4,Black,0,,,,1,,,5,R,33
OAS30868,,85.0877,91.9096,2,12,4,5,White,,,,,,1,0,0,R,34
OAS30869,,67.6575,,2,16,2,5,White,0,0,0,0,0,1,0,1,R,23
OAS30870,,72.1644,93.7452,2,18,1,5,White,,,,,,1,0,1,R,34
OAS30871,,68.5397,,2,14,3,5,White,0,0,0,0,0,1,0,1,R,33
OAS30872,,70.6877,,2,14,3,5,White,0,0,0,0,0,1,5,0,R,23
OAS30873,,82.2904,,1,13,3,5,White,0,0,0,0,0,1,0,0,R,34
OAS30874,,61.5616,,1,16,2,5,White,,,,,,1,,,R,34
OAS30875,,66.1945,,1,19,1,5,White,0,0,0,0,0,1,0,1,R,33
OAS30876,,63.0822,,2,16,1,5,White,0,0,0,0,0,1,0,1,R,33
OAS30877,,65.4137,,1,18,1,5,White,0,0,0,0,0,1,5,0,R,33
OAS30878,,75.0219,85.1452,1,10,4,5,White,0,0,0,0,0,1,,1,R,34
OAS30879,,64.6301,,2,14,3,4,Black,0,0,0,0,1,0,0,5,R,34
OAS30880,,66.8822,,2,12,3,5,White,0,0,0,0,0,1,0,1,R,33
OAS30881,,65.2384,,2,16,1,5,White,0,0,0,0,0,1,0,0,R,33
OAS30882,,81.7726,83.0055,1,12,3,5,White,0,0,0,0,0,1,0,1,R,34
OAS30883,,78.3342,,2,18,1,5,White,0,0,0,0,0,1,0,1,R,34
OAS30884,,73.6521,89.2822,1,19,1,5,White,0,0,0,0,0,1,0,0,R,33
OAS30885,,64.9205,,2,16,3,5,White,0,,,,,1,1,0,L,34
OAS30886,,67.8192,,1,10,5,5,White,,,,,,1,1,0,R,33
OAS30887,,60.8685,,2,16,2,5,White,0,0,0,0,0,1,0,0,R,23
OAS30888,,65.7041,,2,14,2,5,White,0,0,0,0,0,1,0,0,R,33
OAS30890,,70.0904,,2,19,2,4,Black,0,0,0,0,1,0,0,1,R,34
OAS30891,,71.6822,,2,17,2,5,White,,,,,,1,0,1,R,44
OAS30892,,73.2137,77.9014,2,13,3,5,White,0,0,0,0,0,1,0,0,R,33
OAS30893,,77.8658,,1,20,1,5,White,0,0,0,0,0,1,1,1,R,34
OAS30895,,76.5863,,2,12,3,5,White,0,0,0,0,0,1,0,0,R,33
OAS30896,,81.7589,,1,16,1,5,White,0,0,0,0,0,1,1,5,R,33
OAS30897,,66.1589,,2,18,2,5,White,0,0,0,0,0,1,0,5,R,33
OAS30898,,75.6959,79.4356,2,14,3,5,White,,,,,,1,0,1,R,33
OAS30899,,74.7123,82.8247,1,20,1,5,White,0,0,0,0,0,1,0,0,R,33
OAS30900,,57.9562,,1,12,4,4,Black,,0,0,0,1,0,0,0,R,34
OAS30901,,65.3781,,2,18,1,5,White,0,0,0,0,0,1,,1,L,34
OAS30902,,71.9781,77.4877,1,13,3,5,White,,,,,,1,0,1,R,33
OAS30903,,79.1918,82.4575,1,20,1,4,Black,0,0,0,0,1,0,0,0,R,33
OAS30904,,56.4219,,2,19,2,5,White,0,0,0,0,0,1,0,0,R,33
OAS30905,,67.6877,,1,18,1,5,White,0,0,0,0,0,1,0,0,R,34
OAS30906,,69.4,,2,14,2,4,Black,0,0,0,0,1,0,,1,R,33
OAS30907,,82.9644,,1,16,2,5,White,0,0,0,0,0,1,5,0,R,33
OAS30908,,66.1233,,2,16,2,5,White,0,0,0,0,0,1,1,0,R,34
OAS30909,,81.6822,87.6219,1,16,1,5,White,,,,,,1,0,1,R,34
OAS30910,,73.1014,,1,20,1,5,White,0,0,0,0,0,1,5,0,R,23
OAS30911,,73.0466,,1,14,2,5,White,,,,,,1,,,L,44
OAS30913,,67.0493,,1,18,1,5,White,0,0,0,0,0,1,0,0,L,34
OAS30914,,68.3562,,2,13,3,5,White,0,0,0,0,0,1,0,,R,33
OAS30915,,74.389,,1,13,,5,White,,,,,,1,,,L,33
OAS30916,,68.7863,,2,20,1,5,White,0,0,0,0,0,1,1,0,R,34
OAS30917,,70.1315,,1,20,1,5,White,0,0,0,0,0,1,0,0,R,34
OAS30918,,78.7452,,2,12,4,5,White,,0,0,0,0,1,0,0,R,34
OAS30919,,58.2329,,1,14,4,4,Black,0,,,,1,,0,0,R,33
OAS30920,,62.5342,,2,13,3,5,White,0,,,,,1,0,1,R,34
OAS30921,,64.1836,78.4411,1,17,1,5,White,0,0,0,0,0,1,0,0,R,33
OAS30922,,45.9973,,2,16,3,5,White,0,0,0,0,0,1,1,0,,34
OAS30923,,73.3945,94.4685,1,15,3,5,White,,0,0,0,0,1,0,1,R,34
OAS30924,,68.463,,2,20,1,4,Black,0,0,0,0,1,0,0,0,R,33
OAS30925,,87.1589,,1,12,4,4,Black,,,,,1,,0,0,R,34
OAS30926,,78.2575,89.2384,1,12,3,5,White,0,0,0,0,0,1,5,1,L,34
OAS30927,,67.1397,,2,14,2,4,Black,0,0,0,0,1,0,1,0,R,33
OAS30928,,72.1123,76.811,1,20,1,5,White,0,0,0,0,0,1,0,0,R,34
OAS30929,,84.6411,,1,20,1,5,White,,0,0,0,0,1,0,0,R,34
OAS30930,,75.337,78.7068,1,20,1,5,White,,,,,,1,1,1,R,34
OAS30931,,77.0466,85.537,1,16,2,4,Black,0,0,0,0,1,0,5,0,R,33
OAS30932,,62.1425,75.7589,2,16,3,5,White,,0,,,,1,0,0,R,34
OAS30933,,61.4986,,1,18,2,5,White,0,0,0,0,0,1,0,0,R,33
OAS30934,,69.5918,,1,16,1,5,White,0,0,0,0,0,1,1,5,R,34
OAS30935,,68.4603,81.9479,1,18,2,5,White,0,0,0,0,0,1,0,1,R,23
OAS30936,,57.5781,,2,12,3,5,White,,0,0,0,0,1,0,5,L,33
OAS30937,,73.2384,,2,16,1,5,White,0,0,0,0,0,1,0,,L,33
OAS30938,,69.2603,,1,19,1,4,Black,0,0,0,0,1,0,1,1,R,23
OAS30939,,83.3863,93.3671,1,18,2,5,White,0,0,0,0,0,1,0,1,R,33
OAS30941,,83.6137,90.8055,1,13,3,5,White,0,,,,,1,,,R,23
OAS30942,,74.4055,,1,19,1,5,White,0,0,0,0,0,1,0,1,L,33
OAS30943,,69.3863,,1,20,1,5,White,0,0,0,0,0,1,5,5,R,34
OAS30944,,68.6466,,1,18,2,5,White,0,0,0,0,0,1,0,1,R,33
OAS30945,,73.8192,,2,18,2,5,White,0,0,0,0,0,1,,,L,33
OAS30946,,53.3534,,2,16,1,5,White,0,,,,,1,0,0,R,33
OAS30947,,57.6055,72.8603,1,18,1,5,White,0,,,,,1,0,1,R,44
OAS30948,,77.9863,81.6548,2,12,4,5,White,0,0,0,0,0,1,,0,R,34
OAS30949,,67.5288,,2,16,1,5,White,0,0,0,0,0,1,1,0,R,33
OAS30950,,65.2877,,1,18,1,5,White,0,0,0,0,0,1,1,0,,34
OAS30951,,56.8712,,2,12,3,5,White,,,,,,1,5,1,L,24
OAS30952,,93.6329,,2,9,5,4,Black,0,0,0,0,1,0,0,0,R,24
OAS30953,,81.1452,87.0192,1,16,1,5,White,0,0,0,0,0,1,0,5,R,34
OAS30954,,80.1233,81.1068,2,12,3,5,White,,,,,,1,0,0,R,33
OAS30955,,80.7041,,2,12,5,4,Black,0,0,0,0,1,0,0,0,R,34
OAS30956,,56.7918,,2,18,1,5,White,0,0,0,0,0,1,0,1,R,33
OAS30957,,73.2219,76.8904,1,19,1,5,White,0,0,0,0,0,1,0,,R,34
OAS30958,,52.2082,,2,18,2,5,White,,,,,,1,1,1,R,33
OAS30959,,69.526,,2,16,2,5,White,0,0,0,0,0,1,0,1,R,34
OAS30960,,52.1041,,2,14,2,5,White,0,,,,,1,,1,R,33
OAS30961,,73.5178,,2,16,3,5,White,0,0,0,0,0,1,0,0,R,33
OAS30962,,67.0384,,2,20,2,4,Black,0,0,0,0,1,0,0,0,R,33
OAS30963,,48.811,,1,16,2,5,White,0,,,,,1,1,0,L,23
OAS30964,,66.1123,,2,18,2,5,White,0,0,0,0,0,1,0,0,R,34
OAS30965,,73.7863,81.6521,1,12,1,5,White,0,,,,,1,0,1,R,33
OAS30966,,69.8493,,1,16,1,5,White,0,0,0,0,0,1,1,1,R,33
OAS30967,,69.0712,,2,17,2,5,White,0,0,0,0,0,1,0,0,R,33
OAS30968,,59.3973,,2,14,2,5,White,0,0,0,0,0,1,0,0,R,33
OAS30969,,65.9808,,2,13,3,5,White,0,0,0,0,0,1,0,0,R,34
OAS30970,,68.3342,,2,16,2,5,White,0,0,0,0,0,1,0,1,R,33
OAS30971,,83.4247,,2,12,4,5,White,0,0,0,0,0,1,,,R,33
OAS30972,,65.5315,,1,12,4,5,White,0,0,0,0,0,1,1,1,R,33
OAS30973,,81.1836,,1,18,1,5,White,0,0,0,0,0,1,0,5,R,23
OAS30974,,81.9178,,2,14,2,5,White,0,0,0,0,0,1,0,0,R,23
OAS30975,,82.0384,88.3397,1,14,4,5,White,0,0,0,0,0,1,1,0,R,34
OAS30976,,70.3616,,2,15,3,4,Black,0,0,0,0,1,0,1,0,R,44
OAS30977,,73.1945,,2,14,2,5,White,0,0,0,0,0,1,1,5,R,33
OAS30978,,69.3233,,1,16,2,5,White,0,0,0,0,0,1,1,0,R,33
OAS30979,,69.1507,,1,18,2,5,White,0,0,0,0,0,1,0,0,R,33
OAS30980,,53.5973,,2,13,4,4,Black,,,,,1,,0,0,R,34
OAS30981,,59.9342,,2,16,2,5,White,0,0,0,0,0,1,0,1,R,23
OAS30982,,74.2082,85.3507,2,12,3,5,White,0,0,0,0,0,1,,0,R,33
OAS30983,,79.2986,85.3397,2,16,1,5,White,,,,,,1,0,1,R,34
OAS30984,,72.7781,,1,12,4,5,White,,,,,,1,0,0,R,33
OAS30985,,74.9808,,2,16,3,5,White,0,0,0,0,0,1,0,5,R,33
OAS30986,,51.4384,,2,16,2,5,White,0,0,0,0,0,1,5,1,R,34
OAS30987,,65.6329,,1,12,3,4,Black,0,0,0,0,1,0,0,0,R,44
OAS30988,,71.5233,,1,20,1,5,White,0,0,0,0,0,1,1,1,R,34
OAS30989,,51.2466,,2,16,2,5,White,0,0,0,0,0,1,0,0,L,33
OAS30990,,81.8959,,1,18,2,5,White,0,0,0,0,0,1,1,1,R,34
OAS30991,,77.0986,,1,19,2,5,White,0,0,0,0,0,1,,,R,34
OAS30992,,64.5014,,2,12,3,5,White,0,0,0,0,0,1,0,5,R,34
OAS30993,,70.0219,,1,16,2,4,Black,0,0,0,0,1,0,0,0,L,33
OAS30994,,68.3452,,2,18,2,5,White,0,0,0,0,0,1,0,0,R,34
OAS30995,,58.5315,,1,20,1,5,White,0,0,0,0,0,1,0,1,R,34
OAS30996,,62.6493,,2,18,2,4,Black,,0,0,0,1,0,1,1,R,33
OAS30997,,59.2712,,2,18,2,5,White,0,0,0,0,0,1,1,0,R,33
OAS30998,,80.9233,,1,18,1,5,White,0,0,0,0,0,1,0,0,R,33
OAS30999,,76.1123,,2,11,4,4,Black,0,0,0,0,1,0,0,1,R,34
OAS31000,,77.9233,81.4603,1,13,3,5,White,0,0,0,0,0,1,0,0,R,33
OAS31001,,63.0274,,2,16,2,5,White,0,0,0,0,0,1,0,5,R,24
OAS31002,,69.3671,90.3205,1,18,2,5,White,,,,,,1,0,0,R,34
OAS31003,,63.9699,,1,14,2,5,White,0,0,0,0,0,1,1,0,R,33
OAS31004,,73.8384,80.1205,1,16,2,5,White,0,0,0,0,0,1,0,1,R,44
OAS31005,,63.5644,69.1616,2,18,2,5,White,0,0,0,0,0,1,0,1,R,33
OAS31006,,68.4932,75.9616,1,18,1,5,White,0,0,0,0,0,1,0,0,R,33
OAS31007,,82.6959,90.7644,1,18,1,5,White,0,0,0,0,0,1,0,0,R,23
OAS31008,,86.3918,90.5233,2,14,1,4,Black,0,,,,1,,0,,R,34
OAS31009,,58.6301,,1,15,2,5,White,0,0,0,0,0,1,0,5,R,33
OAS31010,,74.989,,2,17,1,5,White,0,0,0,0,0,1,0,0,R,33
OAS31011,,72.1699,,1,20,1,5,White,0,0,0,0,0,1,5,1,R,#N/A
OAS31012,,68.2082,,2,18,1,5,White,0,0,0,0,0,1,1,1,R,33
OAS31013,,79.4521,,2,18,1,5,White,0,0,0,0,0,1,0,1,R,44
OAS31014,,65.4658,,2,20,1,5,White,0,0,0,0,0,1,1,1,R,33
OAS31015,,85.8,,1,20,1,5,White,0,0,0,0,0,1,,1,R,23
OAS31016,,66.2027,,2,13,4,4,Black,0,0,0,0,1,0,1,0,R,44
OAS31017,,64.7918,,2,12,4,4,Black,0,0,0,0,1,0,0,0,R,34
OAS31018,,61.5589,,1,18,2,5,White,0,0,0,0,0,1,5,1,L,34
OAS31019,,67.7342,,2,18,2,5,White,0,0,0,0,0,1,0,1,R,34
OAS31020,,63.9315,,1,16,1,5,White,0,0,0,0,0,1,0,5,R,23
OAS31021,,61.5534,,1,14,2,5,White,0,0,0,0,0,1,1,0,R,34
OAS31022,,79.0712,,2,18,2,4,Black,0,0,0,0,1,0,0,0,R,24
OAS31023,,53.6575,,2,18,1,5,White,0,0,0,0,0,1,0,0,R,33
OAS31024,,78.8877,89.1425,1,14,2,5,White,0,0,0,0,0,1,1,0,R,34
OAS31025,,65.9808,,2,12,2,5,White,0,0,0,0,0,1,0,1,R,33
OAS31026,,79.0027,91.0904,2,16,2,5,White,0,0,0,0,0,1,0,0,R,34
OAS31028,,66.7699,,2,16,3,5,White,0,0,0,0,0,1,0,1,R,33
OAS31029,,82.3671,98.3918,2,13,2,5,White,0,0,0,0,0,1,0,1,R,33
OAS31030,,78.2466,81.8685,1,20,1,5,White,0,0,0,0,0,1,1,5,R,34
OAS31031,,60.2329,,2,18,1,5,White,0,0,0,0,0,1,0,0,R,33
OAS31032,,70.6384,,2,18,1,5,White,,0,0,0,0,1,0,1,L,44
OAS31033,,87.8658,,1,12,4,4,Black,0,0,0,0,1,0,0,1,R,34
OAS31034,,67.1507,,1,20,1,4,Black,0,0,0,0,1,0,0,0,R,34
OAS31035,,68.537,,2,15,1,5,White,,,,,,1,,1,R,34
OAS31036,,82.9068,86.9041,1,12,3,5,White,0,0,0,0,0,1,,0,R,34
OAS31037,,64.7644,,2,14,2,5,White,,0,0,0,0,1,1,1,R,33
OAS31038,,71.337,92.6,2,12,3,5,White,,0,0,0,0,1,,0,B,33
OAS31039,,64.4164,,1,16,2,5,White,0,0,0,0,0,1,5,1,R,33
OAS31040,,58.8192,,2,16,3,5,White,,0,0,0,0,1,0,1,R,33
OAS31041,,77.7644,,1,12,3,5,White,0,0,0,0,0,1,0,0,R,34
OAS31042,,69.2027,83.9973,1,13,4,4,Black,0,0,0,0,1,0,0,0,R,24
OAS31043,,68.1753,82.0247,1,20,1,4,Black,0,0,0,0,1,0,0,0,R,33
OAS31044,,76.0027,84.7589,1,16,3,5,White,0,0,0,0,0,1,5,0,R,33
OAS31045,,67.5397,,2,16,2,5,White,0,0,0,0,0,1,0,1,R,33
OAS31046,,85.0548,96.0411,2,12,4,5,White,0,0,0,0,0,1,5,1,R,23
OAS31047,,67.3452,,2,18,2,5,White,0,0,0,0,0,1,0,1,R,33
OAS31048,,56.1589,,1,16,3,5,White,0,0,0,0,0,1,0,1,R,34
OAS31049,,70.8137,87.4384,2,12,4,5,White,0,,,,,1,0,1,R,34
OAS31050,,75.9397,,2,13,2,5,White,0,0,0,0,0,1,1,1,R,34
OAS31051,,76.7945,,2,12,4,5,White,0,0,0,0,0,1,1,0,,33
OAS31052,,78.4712,,2,14,1,5,White,0,,,,,1,0,0,R,33
OAS31053,,66.189,,1,16,3,5,White,0,0,0,0,0,1,1,1,L,33
OAS31054,,62.0658,75.8575,1,18,1,5,White,0,0,0,0,0,1,0,0,R,33
OAS31055,,74.2301,,1,,,5,White,,,,,,1,,,L,33
OAS31056,,67.4986,,1,12,4,5,White,0,0,0,0,0,1,0,0,R,34
OAS31057,,66.7288,,2,18,1,5,White,0,0,0,0,0,1,1,1,R,44
OAS31058,,59.526,,1,16,2,5,White,0,0,0,0,0,1,0,1,L,33
OAS31059,,45.2164,,2,16,4,5,White,0,0,0,0,0,1,0,1,R,34
OAS31060,,76.9945,80.4438,1,12,3,4,Black,0,0,0,0,1,0,0,0,R,#N/A
OAS31061,,85.2329,89.9397,2,18,1,5,White,,,,,,1,0,0,R,33
OAS31062,,86.4356,,1,16,1,5,White,0,0,0,0,0,1,0,0,R,33
OAS31063,,65.0959,75.5781,1,12,3,5,White,0,0,0,0,0,1,0,0,R,33
OAS31064,,48.5918,,1,16,1,5,White,0,,,,,1,1,0,R,34
OAS31065,,49.0466,,1,12,5,4,Black,0,0,0,0,1,0,0,9,R,33
OAS31066,,63.0164,,2,13,2,4,Black,0,0,0,0,1,0,0,1,R,34
OAS31067,,79.6658,,2,11,3,4,Black,0,0,0,0,1,0,,0,R,34
OAS31068,,63.9918,,2,16,2,4,Black,0,0,0,0,1,0,0,0,R,33
OAS31069,,61.1096,,2,14,2,5,White,0,0,0,0,0,1,0,1,R,33
OAS31070,,57.589,,2,14,3,5,White,0,0,0,0,0,1,0,0,R,33
OAS31071,,73.9534,79.4301,1,16,2,5,White,0,0,0,0,0,1,0,0,R,23
OAS31072,,46.3425,,1,12,3,5,White,0,0,0,0,0,1,5,1,R,33
OAS31073,,65.5726,,1,16,2,5,White,0,0,0,0,0,1,0,1,R,33
OAS31074,,71.9945,87.3205,1,14,2,5,White,,,,,,1,0,0,R,34
OAS31075,,65.1507,,2,18,1,4,Black,0,0,0,0,1,0,0,1,R,#N/A
OAS31076,,72.526,,1,19,2,4,Black,0,0,0,0,1,0,1,0,R,34
OAS31077,,82.3205,88.4356,2,15,2,5,White,0,0,0,0,0,1,,0,R,33
OAS31078,,52.1452,,2,14,2,4,Black,0,0,0,0,1,0,1,1,R,34
OAS31080,,66.926,,1,14,4,4,Black,0,0,0,0,1,0,0,1,R,23
OAS31081,,47.8164,,2,18,2,5,White,0,0,0,0,0,1,0,0,L,23
OAS31082,,68.2082,,1,,,5,White,,,,,,1,,,L,44
OAS31083,,74.0877,,2,16,2,5,White,0,0,0,0,0,1,0,0,R,33
OAS31084,,65.9041,,2,12,4,5,White,0,0,0,0,0,1,1,5,R,23
OAS31085,,83.0493,89.7671,1,17,2,5,White,0,0,0,0,0,1,0,0,R,23
OAS31086,,75.9671,,2,13,3,5,White,0,0,0,0,0,1,1,0,,34
OAS31087,,57.4603,,1,19,1,4,Black,0,0,0,0,1,0,5,0,R,23
OAS31088,,64.0329,,2,13,3,5,White,0,0,0,0,0,1,0,0,R,33
OAS31089,,74.3288,,2,10,3,4,Black,0,0,0,0,1,0,0,1,L,34
OAS31090,,82.6685,96.0082,2,12,2,4,Black,0,0,0,0,1,0,5,0,R,33
OAS31091,,70.0466,,2,14,2,5,White,,0,0,0,0,1,0,1,R,33
OAS31092,,72.4822,86.0877,1,18,1,5,White,0,0,0,0,0,1,0,0,R,23
OAS31093,,82.2466,93.1534,2,14,3,5,White,0,0,0,0,0,1,0,0,R,33
OAS31094,,64.0219,,2,16,2,4,Black,0,0,0,0,1,0,1,0,R,33
OAS31096,,82.3014,87.6767,1,20,1,5,White,0,0,0,0,0,1,0,1,R,33
OAS31097,,72.4411,90.2027,2,18,2,5,White,,,,,,1,1,1,R,34
OAS31098,,84.0521,85.7452,2,12,4,4,Black,0,0,0,0,1,0,0,0,R,33
OAS31099,,46.2137,,2,14,2,5,White,0,0,0,0,0,1,0,1,R,34
OAS31100,,66.7534,101.1863,1,17,1,5,White,,,,,,1,0,1,R,23
OAS31101,,68.7836,,2,20,1,5,White,0,0,0,0,0,1,5,0,R,24
OAS31103,,55.4932,,2,16,3,5,White,0,0,0,0,0,1,0,0,R,33
OAS31104,,53.211,65.3534,1,15,2,5,White,0,0,0,0,0,1,0,0,R,34
OAS31105,,73.0329,78.5945,2,15,2,5,White,0,0,0,0,0,1,0,0,R,33
OAS31106,,67.2247,,2,14,3,5,White,,,,,,1,0,1,R,33
OAS31107,,66.6685,,2,16,2,5,White,0,0,0,0,0,1,0,1,R,33
OAS31108,,73.9671,96.6384,1,15,3,5,White,,0,0,0,0,1,0,0,R,23
OAS31109,,68.5452,82.4877,2,16,2,5,White,0,0,0,0,0,1,1,0,R,34
OAS31110,,66.811,,1,20,2,5,White,0,0,0,0,0,1,5,1,R,24
OAS31111,,68.2192,,1,12,3,5,White,0,0,0,0,0,1,1,0,R,34
OAS31112,,81.4329,85.6137,1,16,2,5,White,,,,,,1,0,0,R,34
OAS31113,,69.2712,,2,15,2,5,White,0,0,0,0,0,1,0,0,R,44
OAS31114,,64.1205,,1,12,3,5,White,0,0,0,0,0,1,5,1,R,33
OAS31115,,87.1534,91.2986,1,13,3,5,White,0,0,0,0,0,1,0,1,R,24
OAS31116,,50.8411,,1,12,2,5,White,0,0,0,0,0,1,0,0,R,33
OAS31117,,64.7507,,1,20,1,5,White,0,0,0,0,0,1,0,0,L,34
OAS31118,,61.8658,,2,20,1,5,White,0,0,0,0,0,1,1,1,R,34
OAS31119,,53.2274,,1,16,2,5,White,0,0,0,0,0,1,1,5,R,33
OAS31120,,63.2548,,2,14,3,4,Black,0,0,0,0,1,0,0,0,R,33
OAS31122,,67.6986,88.6411,2,18,1,5,White,,,,,,1,1,1,R,34
OAS31123,,68.8137,74.9178,2,13,2,5,White,0,0,0,0,0,1,0,0,R,34
OAS31124,,71.4164,,2,14,3,5,White,0,0,0,0,0,1,1,0,R,34
OAS31125,,71.7781,,2,12,2,5,White,0,0,0,0,0,1,0,1,R,33
OAS31126,,71.3945,,1,12,3,5,White,0,0,0,0,0,1,0,0,R,33
OAS31127,,80.7863,,2,15,2,5,White,0,0,0,0,0,1,5,5,R,34
OAS31128,,71.4822,,2,16,2,5,White,0,0,0,0,0,1,1,1,R,23
OAS31129,,68.1233,,2,16,2,5,White,0,0,0,0,0,1,0,0,R,34
OAS31131,,65.2685,73.3726,1,18,1,5,White,0,0,0,0,0,1,0,1,R,34
OAS31132,,68.0849,,2,14,3,5,White,0,0,0,0,0,1,,5,R,#N/A
OAS31133,,70.9342,,1,19,2,5,White,0,0,0,0,0,1,1,0,L,34
OAS31134,,76.7699,,2,16,1,5,White,0,0,0,0,0,1,0,1,R,34
OAS31135,,65.3562,69.5068,1,12,3,5,White,0,,,,,1,0,0,R,33
OAS31136,,66.7616,72.0877,1,16,4,4,Black,0,0,0,0,1,0,0,0,R,33
OAS31137,,47.4932,,2,18,2,5,White,0,0,0,0,0,1,0,1,R,24
OAS31138,,70.4356,,2,16,1,5,White,0,0,0,0,0,1,0,1,R,33
OAS31139,,83.7452,,1,16,1,5,White,0,0,0,0,0,1,0,1,R,34
OAS31140,,87.2438,96.074,2,16,2,5,White,0,0,0,0,0,1,0,1,R,34
OAS31141,,63.189,,2,18,1,4,Black,0,0,0,0,1,0,0,0,R,33
OAS31142,,67.9644,,1,16,1,4,Black,0,0,0,0,1,0,0,1,R,33
OAS31143,,79.6658,83.3836,2,16,1,5,White,,,,,,1,0,0,R,33
OAS31144,,81.6767,,1,13,3,5,White,,,,,,1,,,L,34
OAS31145,,74.6,,2,20,1,4,Black,0,0,0,0,1,0,0,0,R,33
OAS31146,,67.9671,,2,16,3,5,White,0,0,0,0,0,1,0,1,R,24
OAS31147,,55.8658,,1,16,2,5,White,0,0,0,0,0,1,0,0,L,24
OAS31148,,60.7096,,2,18,2,4,Black,0,0,0,0,1,0,0,0,R,33
OAS31149,,75.5644,,2,15,1,5,White,0,0,0,0,0,1,0,0,L,24
OAS31150,,64.9151,,1,16,1,5,White,0,0,0,0,0,1,5,0,L,23
OAS31151,,88.189,98.337,2,12,3,5,White,0,0,0,0,0,1,0,1,L,33
OAS31152,,70.5315,73.7644,1,15,1,5,White,0,0,0,0,0,1,0,1,R,24
OAS31153,,62.8712,,1,20,2,5,White,0,0,0,0,0,1,5,0,R,33
OAS31154,,76.1589,77.3178,1,20,1,5,White,0,0,0,0,0,1,0,0,R,23
OAS31155,,59.863,,1,18,2,5,White,,,,,,1,0,1,R,34
OAS31156,,81.4027,,1,20,,5,White,,,,,,1,,,R,33
OAS31157,,47.7808,,2,16,2,5,White,0,0,0,0,0,1,0,1,R,34
OAS31158,,67.4027,,1,13,3,4,Black,0,0,0,0,1,0,0,0,R,23
OAS31159,,73.2329,,2,12,2,5,White,0,0,0,0,0,1,0,1,R,33
OAS31160,,65.2438,,1,16,1,5,White,0,0,0,0,0,1,1,0,R,23
OAS31161,,62.6658,,2,16,1,5,White,0,0,0,0,0,1,0,0,R,34
OAS31162,,80.2849,87.937,2,18,1,5,White,0,0,0,0,0,1,0,1,R,33
OAS31163,,73.0658,,1,12,,4,Black,,,,,1,,,,R,24
OAS31164,,80.463,,2,15,3,5,White,0,0,0,0,0,1,0,1,R,34
OAS31165,,55.8712,,1,12,3,5,White,0,0,0,0,0,1,5,0,R,34
OAS31166,,59.3945,,2,14,2,5,White,0,0,0,0,0,1,1,0,L,33
OAS31167,,51.5562,,1,20,1,5,White,0,,,,,1,1,1,R,33
OAS31168,,65.2164,,1,16,1,5,White,0,0,0,0,0,1,0,1,L,44
OAS31169,,63.0082,,2,16,2,5,White,,,,,,1,1,1,R,34
OAS31170,,64.8192,,2,15,3,4,Black,0,0,0,0,1,0,1,0,R,34
OAS31171,,66.0329,77.789,2,20,2,5,White,0,,,,,1,0,0,R,44
OAS31172,,70.9507,,2,16,1,5,White,0,0,0,0,0,1,0,1,L,23
OAS31175,,69.2055,,1,16,2,4,Black,0,0,0,0,1,0,0,1,R,34
OAS31176,,62.3178,,2,16,4,5,White,0,0,0,0,0,1,1,1,R,33
OAS31177,,75.7315,,1,19,1,5,White,0,0,0,0,0,1,1,0,R,34
OAS31178,,72.2575,84.2795,2,13,3,5,White,0,0,0,0,0,1,1,1,R,33
OAS31179,,80.3808,,2,13,3,4,Black,0,0,0,0,1,0,0,0,R,24
OAS31180,,63.1781,,2,18,1,5,White,0,0,0,0,0,1,0,1,L,33
OAS31181,,77.2603,81.0274,2,15,2,5,White,0,0,0,0,0,1,0,1,R,34
OAS31184,,67.1589,,1,18,2,4,Black,,0,0,0,1,0,0,1,R,34
OAS31185,,62.6658,66.4356,1,12,3,4,Black,0,0,0,0,1,0,,1,R,23
OAS31186,,53.7233,,1,14,3,5,White,0,0,0,0,0,1,1,0,L,33
OAS31188,,71.1151,,2,15,2,6,more than one,0,1,0,0,0,1,5,1,R,33
OAS31189,,65.0849,,2,18,1,5,White,0,0,0,0,0,1,0,1,R,33
OAS31190,,71.9863,,1,16,1,5,White,1,0,0,0,0,1,1,0,R,33
OAS31191,,72.4055,,2,18,2,5,White,0,0,0,0,0,1,1,1,R,34
OAS31192,,72.4301,,2,20,1,5,White,0,0,0,0,0,1,5,0,R,23
OAS31193,,70.2932,,2,16,2,4,Black,0,0,0,0,1,0,5,5,R,34
OAS31195,,68.7507,,1,14,3,5,White,0,0,0,0,0,1,0,1,L,33
OAS31196,,69.8849,,2,16,3,5,White,0,0,0,0,0,1,5,0,R,23
OAS31197,,70.2192,,2,15,3,5,White,0,0,0,0,0,1,0,1,R,33
OAS31198,,70.6685,,1,16,2,5,White,0,0,0,0,0,1,0,1,R,23
OAS31199,,50.2247,,1,12,4,5,White,0,0,0,0,0,1,1,0,R,33
OAS31201,,87.9836,,2,12,4,5,White,0,0,0,0,0,1,0,0,R,33
OAS31202,,74.0548,,1,18,1,5,White,0,0,0,0,0,1,0,0,R,34
OAS31203,,67.9397,,2,16,2,5,White,0,0,0,0,0,1,5,1,R,33
OAS31204,,68.8548,,2,17,1,5,White,0,0,0,0,0,1,0,1,R,33
OAS31205,,66.874,,2,18,2,5,White,0,0,0,0,0,1,0,1,R,33
OAS31206,,73.8904,,2,19,2,5,White,0,0,0,0,0,1,5,1,L,34
OAS31207,,66.6301,,1,18,2,2,ASIAN,0,0,0,1,0,0,0,0,R,33
OAS31208,,62.5726,,2,18,2,5,White,0,0,0,0,0,1,0,1,R,34
OAS31209,,65.9644,,1,16,1,5,White,0,0,0,0,0,1,0,0,L,33
OAS31210,,68.126,,2,14,3,4,Black,0,0,0,0,1,0,0,1,R,33
OAS31211,,64.937,,2,12,3,5,White,0,0,0,0,0,1,0,1,R,33
OAS31213,,63.5041,,2,16,2,5,White,0,0,0,0,0,1,0,1,R,34
OAS31214,,78.4849,,1,19,3,5,White,0,0,0,0,0,1,0,0,R,33
OAS31215,,82.0986,,2,19,1,5,White,0,0,0,0,0,1,0,1,R,33
OAS31217,,81.4466,,1,16,1,5,White,0,0,0,0,0,1,0,1,R,23
OAS31218,,74.7836,,2,18,2,4,Black,0,0,0,0,1,0,0,0,R,#N/A
OAS31219,,45.7014,,1,16,2,5,White,0,0,0,0,0,1,1,0,R,44
OAS31220,,70.1014,,1,17,2,5,White,0,0,0,0,0,1,0,0,R,33
OAS31221,,64.3644,,1,14,3,5,White,0,0,0,0,0,1,0,1,R,34
OAS31222,,60.863,,1,19,1,6,more than one,0,1,0,0,0,1,0,5,R,44
OAS31224,,64.474,,2,18,1,5,White,0,0,0,0,0,1,0,1,R,33
OAS31225,,74.3562,,2,18,2,5,White,0,0,0,0,0,1,0,5,R,34
OAS31226,,74.6329,,1,18,2,5,White,0,0,0,0,0,1,0,0,R,33
OAS31227,,77.5863,,1,18,2,4,Black,0,0,0,0,1,0,5,1,R,33
OAS31228,,73.6795,,1,16,2,5,White,0,0,0,0,0,1,1,0,R,34
OAS31229,,84.5151,,2,15,2,5,White,0,0,0,0,0,1,1,0,R,34
OAS31230,,75.3918,,1,19,2,5,White,0,0,0,0,0,1,1,0,L,33
OAS31231,,75.0932,,1,18,2,5,White,0,0,0,0,0,1,5,1,R,34
OAS31232,,59.9096,,2,18,2,5,White,,0,0,0,0,1,0,1,R,34
OAS31233,,69.6356,,1,18,2,5,White,0,0,0,0,0,1,0,1,R,33
OAS31234,,48.1041,,2,18,1,5,White,0,0,0,0,0,1,0,1,R,23
OAS31235,,60.0548,,2,16,3,5,White,0,0,0,0,0,1,1,0,R,33
OAS31236,,70.1041,,1,12,3,4,Black,0,0,0,0,1,0,0,0,L,34
OAS31237,,48.0055,,2,20,1,5,White,0,0,0,0,0,1,0,1,R,34
OAS31238,,75.3315,,2,18,2,4,Black,0,0,0,0,1,0,0,5,R,33
OAS31239,,71.1068,,1,19,1,5,White,0,0,0,0,0,1,1,5,R,34
OAS31240,,62.3918,,1,20,1,5,White,0,0,0,0,0,1,1,1,R,23
OAS31241,,73.5205,,2,16,3,5,White,0,0,0,0,0,1,1,0,R,24
OAS31242,,70.2548,,1,18,1,5,White,0,0,0,0,0,1,0,0,L,24
OAS31243,,66.0575,,2,16,2,5,White,0,0,0,0,0,1,0,1,R,44
OAS31245,,74.9616,75.4356,1,20,1,4,Black,0,0,0,0,1,0,0,1,R,44
OAS31246,,55.2438,,2,18,2,5,White,0,0,0,0,0,1,0,0,R,33
OAS31247,,73.6603,,2,19,2,5,White,0,0,0,0,0,1,0,1,R,33
OAS31248,,68.0959,,2,18,1,5,White,0,0,0,0,0,1,5,1,R,33
OAS31249,,78.1425,,1,20,1,5,White,0,0,0,0,0,1,0,1,R,34
OAS31250,,50.4082,,2,20,1,5,White,0,0,0,0,0,1,0,0,R,33
OAS31251,,91.0712,,1,16,2,5,White,0,0,0,0,0,1,0,5,R,33
OAS31252,,65.1178,,2,16,2,5,White,0,0,0,0,0,1,0,1,L,34
OAS31254,,73.4137,,1,18,2,5,White,0,0,0,0,0,1,0,0,L,33
OAS31255,,73.789,,2,14,2,5,White,0,0,0,0,0,1,0,1,R,33
OAS31256,,71.3726,74.2356,1,13,4,5,White,0,0,0,0,0,1,0,0,R,34
OAS31257,,81.189,,2,18,1,4,Black,0,0,0,0,1,0,0,0,R,34
OAS31259,,74.5205,,2,18,2,5,White,0,0,0,0,0,1,1,0,R,34
OAS31260,,70.8822,,1,16,2,5,White,0,0,0,0,0,1,0,1,R,23
OAS31261,,69.9808,,1,18,1,5,White,0,0,0,0,0,1,0,5,R,34
OAS31262,,61.7425,,1,13,3,5,White,0,0,0,0,0,1,0,0,R,44
OAS31263,,64.9096,,1,20,1,2,ASIAN,0,0,0,1,0,0,5,0,R,34
OAS31264,,72.7123,,1,18,1,5,White,0,0,0,0,0,1,0,0,R,44
OAS31265,,73.8247,,2,18,2,5,White,0,0,0,0,0,1,0,0,R,33
OAS31267,,71.0822,,2,14,2,4,Black,0,0,0,0,1,0,0,1,R,33
OAS31268,,80.6986,,1,12,2,5,White,0,0,0,0,0,1,,0,R,44
OAS31269,,63.789,,2,16,2,5,White,,0,0,0,0,1,1,0,R,34
OAS31270,,80.8411,82.0082,2,16,4,5,White,0,0,0,0,0,1,0,1,R,34
OAS31271,,67.9726,,2,20,1,5,White,0,0,0,0,0,1,1,1,R,33
OAS31272,,75.7178,,2,18,1,5,White,0,0,0,0,0,1,0,0,L,33
OAS31273,,79.4329,,2,16,1,5,White,0,0,0,0,0,1,0,0,R,34
OAS31274,,73.6493,,1,18,3,4,Black,0,0,0,0,1,0,0,0,R,33
OAS31275,,80.9068,,2,12,3,4,Black,0,0,0,0,1,0,0,0,L,34
OAS31276,,77.2384,,2,13,4,4,Black,0,0,0,0,1,0,0,0,R,34
OAS31277,,74.8082,,2,13,4,5,White,0,0,0,0,0,1,5,0,R,33
OAS31278,,68.4877,,2,13,2,5,White,0,0,0,0,0,1,5,0,R,33
OAS31279,,74.411,,1,16,2,5,White,0,0,0,0,0,1,0,0,R,33
OAS31280,,70.7507,,2,18,2,4,Black,0,0,0,0,1,0,5,0,R,33
OAS31281,,75.5178,,2,14,2,5,White,0,0,0,0,0,1,5,1,R,34
OAS31282,,69.5534,,1,18,2,5,White,0,0,0,0,0,1,0,0,R,33
OAS31283,,65.4603,,1,18,1,5,White,0,0,0,0,0,1,0,1,R,24
OAS31284,,74.663,,2,18,1,5,White,0,0,0,0,0,1,5,0,R,33
OAS31285,,56.0192,,1,12,3,5,White,0,0,0,0,0,1,0,0,R,33
OAS31286,,72.3014,,1,18,2,4,Black,0,0,0,0,1,0,0,1,R,23
OAS31288,,72.7041,,1,16,3,5,White,0,0,0,0,0,1,0,1,R,33
OAS31290,,76.5315,,1,19,1,5,White,0,0,0,0,0,1,0,0,R,34
OAS31292,,70.411,,2,16,3,5,White,0,0,0,0,0,1,0,1,R,34
OAS31293,,66.2219,,1,16,2,5,White,0,0,0,0,0,1,0,0,R,33
OAS31294,,71.1233,,1,20,1,5,White,0,0,0,0,0,1,1,0,R,34
OAS31295,,62.3315,,1,16,2,5,White,0,0,0,0,0,1,0,1,R,24
OAS31297,,73.7151,,1,16,1,4,Black,0,0,0,0,1,0,0,0,L,33
OAS31299,,61.2219,,1,19,2,5,White,0,0,0,0,0,1,1,1,R,23
OAS31300,,72.1507,,1,20,1,5,White,0,0,0,0,0,1,0,0,R,33
OAS31301,,66.6603,,2,15,2,5,White,0,0,0,0,0,1,1,0,R,33
OAS31302,,69.3425,,2,16,2,5,White,0,0,0,0,0,1,0,0,R,33
OAS31303,,76.5342,,1,17,1,5,White,0,0,0,0,0,1,1,0,R,34
OAS31304,,76.8877,,2,18,1,5,White,0,0,0,0,0,1,0,0,R,34
OAS31305,,55.1781,,1,14,2,5,White,0,0,0,0,0,1,1,0,R,23
OAS31306,,66.4137,,1,12,3,5,White,0,0,0,0,0,1,0,0,R,33
OAS31307,,68.6822,,2,18,1,5,White,0,0,0,0,0,1,0,0,R,34
OAS31308,,85.2,,1,20,1,5,White,0,0,0,0,0,1,1,0,R,33
OAS31309,,69.4877,,1,16,2,5,White,0,0,0,0,0,1,5,5,R,#N/A
OAS31310,,70.3096,,1,16,1,5,White,0,0,0,0,0,1,5,1,R,33
OAS31311,,76.4137,,2,18,2,5,White,0,0,0,0,0,1,0,0,L,33
OAS31312,,69.8986,,2,12,2,5,White,0,0,0,0,0,1,0,1,R,33
OAS31313,,66.2356,,1,12,4,4,Black,0,0,0,0,1,0,5,0,R,34
OAS31314,,75.6164,,2,14,3,5,White,,0,0,0,0,1,0,1,R,44
OAS31315,,67.5397,,1,14,4,5,White,0,0,0,0,0,1,0,0,R,33
OAS31316,,53.8082,,2,18,2,5,White,0,0,0,0,0,1,0,1,R,34
OAS31317,,72.2027,,1,18,2,5,White,0,0,0,0,0,1,0,0,R,23
OAS31318,,59.4438,,1,12,3,5,White,0,0,0,0,0,1,1,1,R,34
OAS31319,,78.6027,,1,18,2,5,White,0,0,0,0,0,1,5,1,L,33
OAS31320,,75.5616,,2,16,2,5,White,0,0,0,0,0,1,1,0,R,34
OAS31321,,69.1726,,2,14,3,5,White,0,0,0,0,0,1,0,0,R,23
OAS31322,,67.3616,,1,18,1,5,White,0,0,0,0,0,1,1,1,R,33
OAS31323,,79.4027,,1,17,3,5,White,0,0,0,0,0,1,1,5,R,34
OAS31324,,73.9178,,2,16,2,5,White,0,0,0,0,0,1,0,0,L,33
OAS31325,,83.1068,,2,18,2,5,White,0,0,0,0,0,1,0,0,R,33
OAS31326,,59.7205,,2,12,4,4,Black,0,0,0,0,1,0,0,1,R,34
OAS31327,,66.4822,,1,18,1,5,White,0,0,0,0,0,1,0,1,B,33
OAS31329,,69.5342,,2,17,2,5,White,0,0,0,0,0,1,0,5,R,33
OAS31330,,79.3342,,1,13,3,5,White,0,0,0,0,0,1,0,0,R,33
OAS31331,,65.8055,,1,18,1,5,White,0,0,0,0,0,1,0,0,R,34
OAS31333,,68.1096,,1,18,1,5,White,0,0,0,0,0,1,1,0,R,33
OAS31334,,71.6164,,2,18,2,5,White,0,0,0,0,0,1,0,1,R,44
OAS31335,,66.1616,,1,19,2,5,White,0,0,0,0,0,1,0,5,R,23
OAS31336,,76.5945,,1,13,3,5,White,0,0,0,0,0,1,0,5,R,34
OAS31337,,90.1123,,2,14,2,5,White,0,0,0,0,0,1,0,1,R,33
OAS31338,,49.8082,,2,20,1,5,White,0,0,0,0,0,1,1,0,R,33
OAS31339,,55.4082,,1,20,1,5,White,0,0,0,0,0,1,0,1,R,34
OAS31340,,76.5863,,1,16,2,5,White,0,0,0,0,0,1,0,0,R,33
OAS31342,,63.5041,,1,18,2,5,White,0,0,0,0,0,1,1,0,L,33
OAS31343,,68.6795,,1,16,1,5,White,0,0,0,0,0,1,5,1,R,34
OAS31344,,71.3315,,2,20,2,5,White,0,0,0,0,0,1,0,1,R,33
OAS31345,,55.8712,,2,18,2,4,Black,0,0,0,0,1,0,0,0,R,33
OAS31346,,71.1699,,2,16,2,5,White,0,0,0,0,0,1,0,1,R,33
OAS31348,,75.0575,,1,16,2,5,White,0,0,0,0,0,1,5,1,R,34
OAS31349,,79.0822,,1,24,1,5,White,0,0,0,0,0,1,0,1,R,33
OAS31350,,73.5397,,1,18,1,5,White,0,0,0,0,0,1,0,1,R,33
OAS31351,,69.8247,,1,16,1,5,White,0,0,0,0,0,1,0,5,R,33
OAS31352,,69.8438,,2,16,1,5,White,0,0,0,0,0,1,5,1,R,34
OAS31353,,66.8438,,2,14,2,5,White,0,0,0,0,0,1,0,1,R,34
OAS31354,,67.0411,,1,16,2,5,White,0,0,0,0,0,1,0,0,R,33
OAS31356,,70.5808,,1,20,1,2,ASIAN,,0,0,1,0,0,1,0,R,34
OAS31357,,48.8466,,2,16,2,4,Black,0,0,0,0,1,0,1,0,L,33
OAS31358,,74.1205,,2,18,2,5,White,,0,0,0,0,1,1,5,R,34
OAS31359,,73.5863,,2,18,2,5,White,0,0,0,0,0,1,1,0,R,33
OAS31360,,71.3425,,2,12,2,5,White,0,0,0,0,0,1,,0,R,33
OAS31361,,62.8712,,1,18,1,5,White,0,0,0,0,0,1,0,1,R,44
OAS31362,,66.863,,2,16,3,5,White,0,0,0,0,0,1,0,1,R,34
OAS31363,,67.1425,,1,14,4,5,White,0,0,0,0,0,1,0,5,R,23
OAS31365,,65.5096,,2,16,2,5,White,0,0,0,0,0,1,0,0,L,44
OAS31366,,67.2712,,2,12,4,5,White,0,0,0,0,0,1,0,1,R,44
OAS31367,,54.3096,,2,18,1,5,White,0,0,0,0,0,1,0,1,R,34
OAS31368,,70.7233,,1,18,1,5,White,0,0,0,0,0,1,0,1,R,44
OAS31369,,63.5041,,2,16,3,5,White,0,0,0,0,0,1,0,1,R,34
OAS31370,,70.0795,,2,18,2,5,White,0,0,0,0,0,1,5,1,R,34
OAS31371,,45.663,,1,20,1,5,White,0,0,0,0,0,1,0,1,R,33
OAS31372,,68.3178,,2,14,3,5,White,0,0,0,0,0,1,5,1,L,24
OAS31373,,66.7068,,1,18,2,5,White,0,0,0,0,0,1,1,0,R,33
OAS31374,,71.6767,,2,13,3,4,Black,0,0,0,0,1,0,0,0,R,33
OAS31376,,64.937,,2,18,2,4,Black,0,0,0,0,1,0,1,1,R,33
OAS31378,,70.2384,,1,18,2,5,White,0,0,0,0,0,1,0,0,R,33
OAS31379,,70.6219,,1,18,2,5,White,0,0,0,0,0,1,0,1,R,34
OAS31380,,70.274,,2,18,1,5,White,0,0,0,0,0,1,1,5,R,34
OAS31381,,71.1836,,1,15,1,5,White,0,0,0,0,0,1,0,0,R,33
OAS31382,,64.8767,,1,18,2,5,White,0,0,0,0,0,1,0,1,L,44
OAS31383,,60.9123,,2,13,3,5,White,0,0,0,0,0,1,0,1,R,34
OAS31384,,79.411,,2,16,1,5,White,0,0,0,0,0,1,1,1,L,44
OAS31385,,60.0932,,2,14,2,5,White,0,0,0,0,0,1,0,1,R,33
OAS31386,,77.5753,,1,18,2,4,Black,0,0,0,0,1,0,5,0,R,23
OAS31388,,65.4986,,1,16,2,5,White,0,0,0,0,0,1,0,5,L,23
OAS31389,,75.7233,,1,12,4,4,Black,0,0,0,0,1,0,1,1,R,33
OAS31390,,73.0301,,2,16,2,5,White,0,0,0,0,0,1,0,0,R,23
OAS31391,,70.7589,,1,18,2,5,White,0,0,0,0,0,1,0,0,R,34
OAS31392,,55.3342,,1,18,2,5,White,0,0,0,0,0,1,1,0,R,33
OAS31393,,58.7507,,2,16,1,5,White,0,0,0,0,0,1,0,1,R,34
OAS31394,,68.263,,2,18,2,4,Black,0,0,0,0,1,0,0,1,R,34
OAS31395,,69.9753,,1,15,3,5,White,0,0,0,0,0,1,0,0,R,33
OAS31396,,65.8356,,1,19,1,5,White,0,0,0,0,0,1,0,1,R,34
OAS31397,,75.7288,,1,16,1,5,White,0,0,0,0,0,1,0,0,R,33
OAS31398,,65.4192,,2,16,2,5,White,0,0,0,0,0,1,0,0,R,33
OAS31400,,85.8356,87.9014,2,18,2,5,White,0,0,0,0,0,1,0,1,R,33
OAS31401,,75.3589,,2,16,1,5,White,0,0,0,0,0,1,0,0,R,33
OAS31402,,73.5397,,1,14,2,5,White,0,0,0,0,0,1,5,1,R,33
OAS31404,,65.2767,,2,16,2,5,White,0,0,0,0,0,1,0,1,R,34
OAS31405,,55.6055,,1,12,4,4,Black,0,0,0,0,1,0,0,0,R,33
OAS31406,,69.6658,,1,16,2,5,White,0,0,0,0,0,1,1,0,L,34
OAS31407,,65.6877,,2,18,2,5,White,0,0,0,0,0,1,1,1,R,33
OAS31408,,78.0192,,1,18,2,5,White,0,0,0,0,0,1,0,0,R,33
OAS31409,,65.3918,,2,18,2,5,White,0,0,0,0,0,1,0,1,R,33
OAS31410,,67.0712,,2,16,1,4,Black,0,0,0,0,1,0,0,0,R,34
OAS31411,,70.9781,,1,18,2,5,White,0,0,0,0,0,1,0,1,R,23
OAS31412,,68.3288,,2,16,3,4,Black,0,0,0,0,1,0,0,0,R,34
OAS31413,,74.5452,,2,18,2,4,Black,0,0,0,0,1,0,5,1,R,34
OAS31414,,73.4329,,1,17,3,5,White,0,0,0,0,0,1,5,5,R,33
OAS31415,,65.1808,,1,16,3,5,White,0,0,0,0,0,1,1,1,L,34
OAS31416,,74.0658,,2,18,2,5,White,0,0,0,0,0,1,0,1,R,34
OAS31417,,70.4658,,1,15,3,5,White,0,0,0,0,0,1,0,0,R,34
OAS31418,,75.3068,,2,12,4,5,White,0,0,0,0,0,1,0,0,R,34
OAS31419,,71.5425,,2,16,2,5,White,0,0,0,0,0,1,0,5,R,33
OAS31420,,78.6329,,1,12,3,5,White,0,0,0,0,0,1,1,1,R,44
OAS31421,,71.5589,,2,16,1,5,White,0,0,0,0,0,1,1,5,R,34
OAS31423,,70.4932,,2,16,1,5,White,0,0,0,0,0,1,0,0,R,34
OAS31424,,68.4411,,2,12,4,5,White,0,0,0,0,0,1,0,1,R,34
OAS31427,,75.3781,,2,16,2,5,White,0,0,0,0,0,1,0,0,R,33
OAS31428,,77.1781,,2,20,2,5,White,0,0,0,0,0,1,0,0,R,33
OAS31429,,67.1288,,2,14,3,4,Black,0,0,0,0,1,0,5,5,R,34
OAS31430,,67.389,,1,18,1,5,White,0,0,0,0,0,1,0,1,R,33
OAS31431,,67.1644,,2,18,2,5,White,0,0,0,0,0,1,1,1,R,33
OAS31432,,58.7068,,1,14,2,5,White,0,0,0,0,0,1,1,0,R,33
OAS31433,,75.4548,,2,18,1,4,Black,0,0,0,0,1,0,0,0,R,33
OAS31435,,59.4,,2,18,2,5,White,0,0,0,0,0,1,1,1,R,34
OAS31436,,50.9945,,1,20,1,5,White,0,0,0,0,0,1,0,1,R,34
OAS31437,,58.9507,,1,20,1,5,White,0,0,0,0,0,1,1,1,R,33
OAS31439,,77.0904,,1,12,4,5,White,0,0,0,0,0,1,0,1,R,33
OAS31440,,70.5616,,2,20,2,4,Black,0,0,0,0,1,0,0,1,R,33
OAS31441,,60.3151,,1,16,2,5,White,0,0,0,0,0,1,1,1,R,34
OAS31442,,84.5233,,1,12,4,5,White,0,0,0,0,0,1,,,R,34
OAS31444,,71.5973,75.5205,2,12,3,5,White,0,0,0,0,0,1,0,5,L,34
OAS31446,,81.0329,,1,20,1,5,White,0,0,0,0,0,1,5,5,R,33
OAS31447,,49.663,,2,16,2,5,White,0,0,0,0,0,1,1,0,R,34
OAS31448,,69.9589,,1,20,1,5,White,0,0,0,0,0,1,0,0,R,33
OAS31449,,72.7589,,2,18,1,5,White,0,0,0,0,0,1,0,5,L,33
OAS31450,,78.2356,,1,10,5,5,White,0,0,0,0,0,1,0,1,R,23
OAS31453,,64.937,,1,20,1,4,Black,0,0,0,0,1,0,1,0,R,33
OAS31455,,87.3507,,1,16,2,5,White,0,0,0,0,0,1,0,1,R,33
OAS31456,,54.5589,,2,18,2,5,White,0,0,0,0,0,1,1,0,R,33
OAS31457,,63.0767,,2,18,1,5,White,0,0,0,0,0,1,0,1,R,33
OAS31458,,86.4575,,1,16,1,5,White,0,0,0,0,0,1,5,0,R,23
OAS31459,,61.2904,,2,18,1,1,AIAN,0,1,0,0,0,0,0,1,R,33
OAS31460,,61.0849,,2,16,2,4,Black,0,0,0,0,1,0,0,1,R,24
OAS31462,,70.1753,,2,18,2,4,Black,0,0,0,0,1,0,,1,R,23
OAS31463,,70.7726,,1,18,2,5,White,0,0,0,0,0,1,0,5,R,23
OAS31464,,77.2521,,2,18,2,5,White,0,0,0,0,0,1,5,0,R,33
OAS31465,,62.8219,,2,20,2,4,Black,0,0,0,0,1,0,1,1,R,34
OAS31466,,80.6795,81.7425,1,12,3,5,White,0,0,0,0,0,1,1,0,L,34
OAS31469,,73.3096,,1,12,3,5,White,0,0,0,0,0,1,0,1,R,33
OAS31470,,64.9096,,2,14,2,5,White,0,0,0,0,0,1,0,1,R,34
OAS31471,,65.2986,,1,18,2,4,Black,0,0,0,0,1,0,0,1,R,34
OAS31472,,67.2712,,2,18,1,5,White,0,0,0,0,0,1,0,0,R,33
OAS31473,,56.6137,,1,20,1,5,White,0,0,0,0,0,1,0,1,R,34
OAS31474,,81.8438,,2,16,2,4,Black,0,0,0,0,1,0,5,1,R,33
